2025-04-13 00:03:06,529 - INFO - Database tables created/verified
2025-04-13 00:03:06,529 - INFO - Database initialized at data\bot_database.db
2025-04-13 00:03:06,530 - INFO - Compliment added: Ты очаровательна!...
2025-04-13 00:03:06,531 - INFO - Compliment added: Ты прекрасна)...
2025-04-13 00:03:06,532 - INFO - Compliment added: Улыбнись!)...
2025-04-13 00:03:06,533 - INFO - Compliment added: Я люблю тебя такую, ...
2025-04-13 00:03:06,533 - INFO - Compliment added: Спасибо тебе за все...
2025-04-13 00:03:06,534 - INFO - Compliment added: Я скучаю по тебе, да...
2025-04-13 00:03:06,535 - INFO - Compliment added: Ты – моя единственна...
2025-04-13 00:03:06,536 - INFO - Compliment added: Я благодарен судьбе ...
2025-04-13 00:03:06,536 - INFO - Compliment added: Ты – женщина, ради к...
2025-04-13 00:03:06,537 - INFO - Compliment added: Солнышко, ты наполня...
2025-04-13 00:03:06,538 - INFO - Compliment added: Я бы прожил с тобой ...
2025-04-13 00:03:06,539 - INFO - Compliment added: Ты – мой самый близк...
2025-04-13 00:03:06,539 - INFO - Compliment added: В твоих объятиях я н...
2025-04-13 00:03:06,540 - INFO - Compliment added: Ты – мой личный исто...
2025-04-13 00:03:06,541 - INFO - Compliment added: Я люблю тебя больше,...
2025-04-13 00:03:06,541 - INFO - Compliment added: Ты – мой главный ист...
2025-04-13 00:03:06,542 - INFO - Compliment added: С тобой даже обычный...
2025-04-13 00:03:06,542 - INFO - Compliment added: Ты создаёшь уют, в к...
2025-04-13 00:03:06,543 - INFO - Compliment added: Любовь моя, ты – луч...
2025-04-13 00:03:06,544 - INFO - Compliment added: Ты умеешь любить так...
2025-04-13 00:03:06,545 - INFO - Compliment added: Ты – моя опора и вдо...
2025-04-13 00:03:06,545 - INFO - Compliment added: Благодаря тебе я вер...
2025-04-13 00:03:06,546 - INFO - Compliment added: С тобой я чувствую с...
2025-04-13 00:03:06,548 - INFO - Compliment added: Твоя доброта делает ...
2025-04-13 00:03:06,548 - INFO - Compliment added: У тебя золотое сердц...
2025-04-13 00:03:06,549 - INFO - Compliment added: Ты умеешь находить р...
2025-04-13 00:03:06,550 - INFO - Compliment added: Твоя мудрость помога...
2025-04-13 00:03:06,551 - INFO - Compliment added: Ты самая заботливая ...
2025-04-13 00:03:06,551 - INFO - Compliment added: Твоя улыбка – мой са...
2025-04-13 00:03:06,552 - INFO - Compliment added: Ты умеешь поддержать...
2025-04-13 00:03:06,553 - INFO - Compliment added: Ты – мой ангел-храни...
2025-04-13 00:03:06,553 - INFO - Compliment added: Ты делаешь нашу семь...
2025-04-13 00:03:06,555 - INFO - Compliment added: Ты самое красивое чу...
2025-04-13 00:03:06,555 - INFO - Compliment added: Твои глаза сияют ярч...
2025-04-13 00:03:06,556 - INFO - Compliment added: Ты с каждым днём ста...
2025-04-13 00:03:06,557 - INFO - Compliment added: Твоя улыбка согревае...
2025-04-13 00:03:06,558 - INFO - Compliment added: Ты – воплощение нежн...
2025-04-13 00:03:06,559 - INFO - Compliment added: В тебе столько гармо...
2025-04-13 00:03:06,560 - INFO - Compliment added: Ты прекрасна даже бе...
2025-04-13 00:03:06,561 - INFO - Compliment added: Твоя красота вдохнов...
2025-04-13 00:03:06,562 - INFO - Compliment added: Ты – мой идеал женст...
2025-04-13 00:03:06,563 - INFO - Compliment added: Даже солнце завидует...
2025-04-13 00:03:06,563 - INFO - Loaded compliments from file to DB
2025-04-13 00:03:06,563 - INFO - ComplimentScheduler initialized
2025-04-13 00:03:06,563 - INFO - Restored 0 subscriptions
2025-04-13 00:03:06,564 - INFO - Compliment scheduler started
2025-04-13 00:03:06,564 - ERROR - Health check failed: 'Database' object has no attribute 'get_subscribed_users_count'
2025-04-13 00:03:06,564 - INFO - Бот запущен и готов к работе
2025-04-13 00:03:32,931 - ERROR - Infinity polling: polling exited
2025-04-13 00:03:32,931 - ERROR - Break infinity polling
2025-04-13 00:03:32,932 - INFO - Compliment scheduler stopped
2025-04-13 00:03:32,932 - INFO - Бот завершил работу
2025-04-13 00:03:33,913 - INFO - Database tables created/verified
2025-04-13 00:03:33,913 - INFO - Database initialized at data\bot_database.db
2025-04-13 00:03:33,914 - INFO - ComplimentScheduler initialized
2025-04-13 00:03:33,914 - INFO - Restored 0 subscriptions
2025-04-13 00:03:33,914 - INFO - Compliment scheduler started
2025-04-13 00:03:33,914 - ERROR - Health check failed: 'Database' object has no attribute 'get_subscribed_users_count'
2025-04-13 00:03:33,914 - INFO - Бот запущен и готов к работе
2025-04-13 00:04:06,274 - ERROR - Infinity polling: polling exited
2025-04-13 00:04:06,274 - ERROR - Break infinity polling
2025-04-13 00:04:06,276 - INFO - Compliment scheduler stopped
2025-04-13 00:04:06,276 - INFO - Бот завершил работу
2025-04-13 00:04:10,257 - INFO - Database tables created/verified
2025-04-13 00:04:10,257 - INFO - Database initialized at data\bot_database.db
2025-04-13 00:04:10,257 - INFO - ComplimentScheduler initialized
2025-04-13 00:04:10,258 - INFO - Restored 0 subscriptions
2025-04-13 00:04:10,258 - INFO - Compliment scheduler started
2025-04-13 00:04:10,258 - ERROR - Health check failed: 'Database' object has no attribute 'get_subscribed_users_count'
2025-04-13 00:04:10,258 - INFO - Бот запущен и готов к работе
2025-04-13 00:06:33,936 - ERROR - Infinity polling: polling exited
2025-04-13 00:06:33,936 - ERROR - Break infinity polling
2025-04-13 00:06:33,937 - INFO - Compliment scheduler stopped
2025-04-13 00:06:33,937 - INFO - Бот завершил работу
2025-04-13 00:06:46,435 - INFO - Database tables created/verified
2025-04-13 00:06:46,435 - INFO - Database initialized at data\bot_database.db
2025-04-13 00:06:46,435 - INFO - ComplimentScheduler initialized
2025-04-13 00:06:46,435 - INFO - Restored 0 subscriptions
2025-04-13 00:06:46,436 - INFO - Compliment scheduler started
2025-04-13 00:06:46,436 - INFO - Бот запущен и готов к работе
2025-04-13 00:06:46,436 - INFO - Health check: 0 users, 42 compliments available
2025-04-13 00:06:54,939 - ERROR - Infinity polling exception: name 'db' is not defined
2025-04-13 00:06:54,943 - ERROR - Exception traceback:
Traceback (most recent call last):
  File "C:\Users\mokun\PycharmProjects\TelegramBot\.venv\Lib\site-packages\telebot\__init__.py", line 1110, in infinity_polling
    self.polling(non_stop=True, timeout=timeout, long_polling_timeout=long_polling_timeout,
  File "C:\Users\mokun\PycharmProjects\TelegramBot\.venv\Lib\site-packages\telebot\__init__.py", line 1198, in polling
    self.__threaded_polling(non_stop=non_stop, interval=interval, timeout=timeout, long_polling_timeout=long_polling_timeout,
  File "C:\Users\mokun\PycharmProjects\TelegramBot\.venv\Lib\site-packages\telebot\__init__.py", line 1273, in __threaded_polling
    raise e
  File "C:\Users\mokun\PycharmProjects\TelegramBot\.venv\Lib\site-packages\telebot\__init__.py", line 1235, in __threaded_polling
    self.worker_pool.raise_exceptions()
  File "C:\Users\mokun\PycharmProjects\TelegramBot\.venv\Lib\site-packages\telebot\util.py", line 150, in raise_exceptions
    raise self.exception_info
  File "C:\Users\mokun\PycharmProjects\TelegramBot\.venv\Lib\site-packages\telebot\util.py", line 93, in run
    task(*args, **kwargs)
  File "C:\Users\mokun\PycharmProjects\TelegramBot\.venv\Lib\site-packages\telebot\__init__.py", line 9233, in _run_middlewares_and_handler
    result = handler['function'](message)
             ^^^^^^^^^^^^^^^^^^^^^^^^^^^^
  File "C:\Users\mokun\PycharmProjects\TelegramBot\.venv\handlers\user_commands.py", line 53, in subscribe
    if db.set_subscription(message.chat.id, True):
       ^^
NameError: name 'db' is not defined

2025-04-13 00:10:10,604 - ERROR - Infinity polling: polling exited
2025-04-13 00:10:10,606 - ERROR - Break infinity polling
2025-04-13 00:10:10,606 - INFO - Compliment scheduler stopped
2025-04-13 00:10:10,607 - INFO - Бот завершил работу
2025-04-13 00:10:11,373 - INFO - Database tables created/verified
2025-04-13 00:10:11,373 - INFO - Database initialized at data\bot_database.db
2025-04-13 00:10:11,376 - INFO - ComplimentScheduler initialized
2025-04-13 00:10:11,376 - INFO - Restored 0 subscriptions
2025-04-13 00:10:11,376 - INFO - Compliment scheduler started
2025-04-13 00:10:11,378 - INFO - Бот запущен и готов к работе
2025-04-13 00:10:11,378 - INFO - Health check: 0 users, 42 compliments available
2025-04-13 00:10:22,345 - ERROR - Failed to set subscription for 7522466558: no such column: last_active
2025-04-13 00:10:24,671 - ERROR - Failed to set subscription for 7522466558: no such column: last_active
2025-04-13 00:10:28,042 - ERROR - Failed to add user 7522466558: table users has no column named language_code
2025-04-13 00:10:28,042 - ERROR - Failed to set subscription for 7522466558: no such column: last_active
2025-04-13 00:10:30,029 - ERROR - Failed to set subscription for 7522466558: no such column: last_active
2025-04-13 00:11:02,189 - ERROR - Failed to set subscription for 7522466558: no such column: last_active
2025-04-13 00:13:25,589 - ERROR - Infinity polling: polling exited
2025-04-13 00:13:25,590 - ERROR - Break infinity polling
2025-04-13 00:13:25,591 - INFO - Compliment scheduler stopped
2025-04-13 00:13:25,591 - INFO - Бот завершил работу
2025-04-13 00:13:26,224 - INFO - Database tables created/verified
2025-04-13 00:13:26,225 - INFO - Database initialized at data\bot_database.db
2025-04-13 00:13:26,228 - INFO - ComplimentScheduler initialized
2025-04-13 00:13:26,228 - INFO - Restored 0 subscriptions
2025-04-13 00:13:26,229 - INFO - Compliment scheduler started
2025-04-13 00:13:26,229 - INFO - Бот запущен и готов к работе
2025-04-13 00:13:26,230 - INFO - Health check: 0 users, 42 compliments available
2025-04-13 00:13:32,725 - ERROR - Failed to set subscription for 7522466558: no such column: last_active
2025-04-13 00:13:55,797 - ERROR - Infinity polling: polling exited
2025-04-13 00:13:55,798 - ERROR - Break infinity polling
2025-04-13 00:13:55,800 - INFO - Compliment scheduler stopped
2025-04-13 00:13:55,800 - INFO - Бот завершил работу
2025-04-13 00:14:28,352 - INFO - Database tables created/verified
2025-04-13 00:14:28,353 - INFO - Database initialized at data\bot_database.db
2025-04-13 00:14:28,357 - INFO - Compliment added: Ты очаровательна!...
2025-04-13 00:14:28,358 - INFO - Compliment added: Ты прекрасна)...
2025-04-13 00:14:28,358 - INFO - Compliment added: Улыбнись!)...
2025-04-13 00:14:28,359 - INFO - Compliment added: Я люблю тебя такую, ...
2025-04-13 00:14:28,359 - INFO - Compliment added: Спасибо тебе за все...
2025-04-13 00:14:28,360 - INFO - Compliment added: Я скучаю по тебе, да...
2025-04-13 00:14:28,361 - INFO - Compliment added: Ты – моя единственна...
2025-04-13 00:14:28,361 - INFO - Compliment added: Я благодарен судьбе ...
2025-04-13 00:14:28,362 - INFO - Compliment added: Ты – женщина, ради к...
2025-04-13 00:14:28,362 - INFO - Compliment added: Солнышко, ты наполня...
2025-04-13 00:14:28,363 - INFO - Compliment added: Я бы прожил с тобой ...
2025-04-13 00:14:28,363 - INFO - Compliment added: Ты – мой самый близк...
2025-04-13 00:14:28,364 - INFO - Compliment added: В твоих объятиях я н...
2025-04-13 00:14:28,364 - INFO - Compliment added: Ты – мой личный исто...
2025-04-13 00:14:28,365 - INFO - Compliment added: Я люблю тебя больше,...
2025-04-13 00:14:28,365 - INFO - Compliment added: Ты – мой главный ист...
2025-04-13 00:14:28,366 - INFO - Compliment added: С тобой даже обычный...
2025-04-13 00:14:28,367 - INFO - Compliment added: Ты создаёшь уют, в к...
2025-04-13 00:14:28,367 - INFO - Compliment added: Любовь моя, ты – луч...
2025-04-13 00:14:28,368 - INFO - Compliment added: Ты умеешь любить так...
2025-04-13 00:14:28,368 - INFO - Compliment added: Ты – моя опора и вдо...
2025-04-13 00:14:28,369 - INFO - Compliment added: Благодаря тебе я вер...
2025-04-13 00:14:28,369 - INFO - Compliment added: С тобой я чувствую с...
2025-04-13 00:14:28,370 - INFO - Compliment added: Твоя доброта делает ...
2025-04-13 00:14:28,370 - INFO - Compliment added: У тебя золотое сердц...
2025-04-13 00:14:28,371 - INFO - Compliment added: Ты умеешь находить р...
2025-04-13 00:14:28,371 - INFO - Compliment added: Твоя мудрость помога...
2025-04-13 00:14:28,372 - INFO - Compliment added: Ты самая заботливая ...
2025-04-13 00:14:28,377 - INFO - Compliment added: Твоя улыбка – мой са...
2025-04-13 00:14:28,378 - INFO - Compliment added: Ты умеешь поддержать...
2025-04-13 00:14:28,378 - INFO - Compliment added: Ты – мой ангел-храни...
2025-04-13 00:14:28,379 - INFO - Compliment added: Ты делаешь нашу семь...
2025-04-13 00:14:28,379 - INFO - Compliment added: Ты самое красивое чу...
2025-04-13 00:14:28,379 - INFO - Compliment added: Твои глаза сияют ярч...
2025-04-13 00:14:28,381 - INFO - Compliment added: Ты с каждым днём ста...
2025-04-13 00:14:28,381 - INFO - Compliment added: Твоя улыбка согревае...
2025-04-13 00:14:28,382 - INFO - Compliment added: Ты – воплощение нежн...
2025-04-13 00:14:28,382 - INFO - Compliment added: В тебе столько гармо...
2025-04-13 00:14:28,383 - INFO - Compliment added: Ты прекрасна даже бе...
2025-04-13 00:14:28,383 - INFO - Compliment added: Твоя красота вдохнов...
2025-04-13 00:14:28,384 - INFO - Compliment added: Ты – мой идеал женст...
2025-04-13 00:14:28,384 - INFO - Compliment added: Даже солнце завидует...
2025-04-13 00:14:28,385 - INFO - Loaded compliments from file to DB
2025-04-13 00:14:28,385 - INFO - ComplimentScheduler initialized
2025-04-13 00:14:28,385 - INFO - Restored 0 subscriptions
2025-04-13 00:14:28,385 - INFO - Compliment scheduler started
2025-04-13 00:14:28,385 - INFO - Бот запущен и готов к работе
2025-04-13 00:14:28,386 - INFO - Health check: 0 users, 42 compliments available
2025-04-13 00:14:32,138 - INFO - User 7522466558 subscription set to True
2025-04-13 00:14:51,069 - INFO - User 7522466558 subscription set to False
2025-04-13 00:14:53,475 - INFO - User 7522466558 subscription set to True
2025-04-13 00:14:59,480 - ERROR - Infinity polling: polling exited
2025-04-13 00:14:59,482 - ERROR - Break infinity polling
2025-04-13 00:14:59,482 - INFO - Compliment scheduler stopped
2025-04-13 00:14:59,482 - INFO - Бот завершил работу
2025-04-13 00:15:03,566 - INFO - Database tables created/verified
2025-04-13 00:15:03,566 - INFO - Database initialized at data\bot_database.db
2025-04-13 00:15:03,568 - INFO - ComplimentScheduler initialized
2025-04-13 00:15:03,569 - INFO - Restored 0 subscriptions
2025-04-13 00:15:03,569 - INFO - Compliment scheduler started
2025-04-13 00:15:03,569 - INFO - Бот запущен и готов к работе
2025-04-13 00:15:03,570 - INFO - Health check: 0 users, 42 compliments available
2025-04-13 00:15:07,261 - INFO - User 7522466558 subscription set to True
2025-04-13 00:15:16,289 - ERROR - Infinity polling: polling exited
2025-04-13 00:15:16,289 - ERROR - Break infinity polling
2025-04-13 00:15:16,289 - INFO - Compliment scheduler stopped
2025-04-13 00:15:16,289 - INFO - Бот завершил работу
2025-04-13 00:17:58,563 - INFO - Database tables created/verified
2025-04-13 00:17:58,563 - INFO - Database initialized at data\bot_database.db
2025-04-13 00:17:58,566 - INFO - ComplimentScheduler initialized
2025-04-13 00:17:58,566 - INFO - Restored 0 subscriptions
2025-04-13 00:17:58,567 - INFO - Compliment scheduler started
2025-04-13 00:17:58,567 - INFO - Бот запущен и готов к работе
2025-04-13 00:17:58,568 - INFO - Health check: 0 users, 42 compliments available
2025-04-13 00:18:18,585 - ERROR - Infinity polling: polling exited
2025-04-13 00:18:18,585 - ERROR - Break infinity polling
2025-04-13 00:18:18,585 - INFO - Compliment scheduler stopped
2025-04-13 00:18:18,585 - INFO - Бот завершил работу
2025-04-13 00:21:03,419 - INFO - Database tables created/verified
2025-04-13 00:21:03,419 - INFO - Database initialized at data\bot_database.db
2025-04-13 00:21:03,422 - INFO - ComplimentScheduler initialized
2025-04-13 00:21:03,422 - INFO - Restored 0 subscriptions
2025-04-13 00:21:03,422 - INFO - Compliment scheduler started
2025-04-13 00:21:03,423 - INFO - Бот запущен и готов к работе
2025-04-13 00:21:03,423 - INFO - Health check: 0 users, 42 compliments available
2025-04-13 00:21:14,909 - ERROR - Infinity polling: polling exited
2025-04-13 00:21:14,909 - ERROR - Break infinity polling
2025-04-13 00:21:14,909 - INFO - Compliment scheduler stopped
2025-04-13 00:21:14,909 - INFO - Бот завершил работу
2025-04-13 00:21:38,665 - INFO - Database tables created/verified
2025-04-13 00:21:38,665 - INFO - Database initialized at data\bot_database.db
2025-04-13 00:21:38,667 - INFO - ComplimentScheduler initialized
2025-04-13 00:21:38,667 - INFO - Restored 0 subscriptions
2025-04-13 00:21:38,669 - INFO - Compliment scheduler started
2025-04-13 00:21:38,669 - INFO - Бот запущен и готов к работе
2025-04-13 00:21:38,670 - INFO - Health check: 0 users, 42 compliments available
2025-04-13 00:21:40,451 - INFO - User 7522466558 added/updated
2025-04-13 00:21:40,452 - INFO - User 7522466558 subscription set to True
2025-04-13 00:21:51,727 - ERROR - Infinity polling: polling exited
2025-04-13 00:21:51,727 - ERROR - Break infinity polling
2025-04-13 00:21:51,727 - INFO - Compliment scheduler stopped
2025-04-13 00:21:51,727 - INFO - Бот завершил работу
2025-04-13 00:22:57,742 - INFO - Database tables created/verified
2025-04-13 00:22:57,742 - INFO - Database initialized at data\bot_database.db
2025-04-13 00:22:57,746 - INFO - ComplimentScheduler initialized
2025-04-13 00:22:57,986 - INFO - Restored 1 subscriptions
2025-04-13 00:22:57,987 - INFO - Compliment scheduler started
2025-04-13 00:22:57,987 - INFO - Бот запущен и готов к работе
2025-04-13 00:22:57,989 - INFO - Health check: 1 users, 42 compliments available
2025-04-13 00:23:03,861 - INFO - User 7522466558 subscription set to False
2025-04-13 00:23:05,098 - INFO - User 7522466558 subscription set to True
2025-04-13 00:23:11,546 - INFO - User 7522466558 subscription set to True
2025-04-13 00:23:17,546 - ERROR - Infinity polling: polling exited
2025-04-13 00:23:17,546 - ERROR - Break infinity polling
2025-04-13 00:23:17,547 - INFO - Compliment scheduler stopped
2025-04-13 00:23:17,547 - INFO - Бот завершил работу
2025-04-13 00:23:20,440 - INFO - Database tables created/verified
2025-04-13 00:23:20,440 - INFO - Database initialized at data\bot_database.db
2025-04-13 00:23:20,443 - INFO - ComplimentScheduler initialized
2025-04-13 00:23:20,636 - INFO - Restored 1 subscriptions
2025-04-13 00:23:20,638 - INFO - Compliment scheduler started
2025-04-13 00:23:20,641 - INFO - Бот запущен и готов к работе
2025-04-13 00:23:20,647 - INFO - Health check: 1 users, 42 compliments available
2025-04-13 00:25:02,878 - ERROR - Infinity polling exception: 'total_users'
2025-04-13 00:25:02,885 - ERROR - Exception traceback:
Traceback (most recent call last):
  File "C:\Users\mokun\PycharmProjects\TelegramBot\.venv\Lib\site-packages\telebot\__init__.py", line 1110, in infinity_polling
    self.polling(non_stop=True, timeout=timeout, long_polling_timeout=long_polling_timeout,
  File "C:\Users\mokun\PycharmProjects\TelegramBot\.venv\Lib\site-packages\telebot\__init__.py", line 1198, in polling
    self.__threaded_polling(non_stop=non_stop, interval=interval, timeout=timeout, long_polling_timeout=long_polling_timeout,
  File "C:\Users\mokun\PycharmProjects\TelegramBot\.venv\Lib\site-packages\telebot\__init__.py", line 1273, in __threaded_polling
    raise e
  File "C:\Users\mokun\PycharmProjects\TelegramBot\.venv\Lib\site-packages\telebot\__init__.py", line 1235, in __threaded_polling
    self.worker_pool.raise_exceptions()
  File "C:\Users\mokun\PycharmProjects\TelegramBot\.venv\Lib\site-packages\telebot\util.py", line 150, in raise_exceptions
    raise self.exception_info
  File "C:\Users\mokun\PycharmProjects\TelegramBot\.venv\Lib\site-packages\telebot\util.py", line 93, in run
    task(*args, **kwargs)
  File "C:\Users\mokun\PycharmProjects\TelegramBot\.venv\Lib\site-packages\telebot\__init__.py", line 9233, in _run_middlewares_and_handler
    result = handler['function'](message)
             ^^^^^^^^^^^^^^^^^^^^^^^^^^^^
  File "C:\Users\mokun\PycharmProjects\TelegramBot\.venv\decorators.py", line 9, in wrapper
    return func(message, *args, **kwargs)
           ^^^^^^^^^^^^^^^^^^^^^^^^^^^^^^
  File "C:\Users\mokun\PycharmProjects\TelegramBot\.venv\handlers\user_commands.py", line 73, in stats_user
    f"• Всего пользователей: {stats['total_users']}\n"
                              ~~~~~^^^^^^^^^^^^^^^
KeyError: 'total_users'

2025-04-13 00:25:38,616 - INFO - Recorded compliment 16 for user 7522466558
2025-04-13 00:25:39,602 - INFO - Recorded compliment 18 for user 7522466558
2025-04-13 00:27:45,745 - ERROR - Infinity polling: polling exited
2025-04-13 00:27:45,745 - ERROR - Break infinity polling
2025-04-13 00:27:45,746 - INFO - Compliment scheduler stopped
2025-04-13 00:27:45,746 - INFO - Бот завершил работу
2025-04-13 12:15:43,494 - INFO - Database tables created/verified
2025-04-13 12:15:43,494 - INFO - Database initialized at data\bot_database.db
2025-04-13 12:15:43,496 - INFO - ComplimentScheduler initialized
2025-04-13 12:15:43,728 - INFO - Restored 1 subscriptions
2025-04-13 12:15:43,730 - INFO - Compliment scheduler started
2025-04-13 12:15:43,730 - INFO - Бот запущен и готов к работе
2025-04-13 12:15:43,731 - ERROR - Failed to get last compliment time: 'str' object has no attribute 'strftime'
2025-04-13 12:15:43,731 - INFO - Health check: 1 users, 42 compliments available
2025-04-13 12:15:54,219 - ERROR - Infinity polling exception: 'total_users'
2025-04-13 12:15:54,224 - ERROR - Exception traceback:
Traceback (most recent call last):
  File "C:\Users\mokun\PycharmProjects\TelegramBot\.venv\Lib\site-packages\telebot\__init__.py", line 1110, in infinity_polling
    self.polling(non_stop=True, timeout=timeout, long_polling_timeout=long_polling_timeout,
  File "C:\Users\mokun\PycharmProjects\TelegramBot\.venv\Lib\site-packages\telebot\__init__.py", line 1198, in polling
    self.__threaded_polling(non_stop=non_stop, interval=interval, timeout=timeout, long_polling_timeout=long_polling_timeout,
  File "C:\Users\mokun\PycharmProjects\TelegramBot\.venv\Lib\site-packages\telebot\__init__.py", line 1273, in __threaded_polling
    raise e
  File "C:\Users\mokun\PycharmProjects\TelegramBot\.venv\Lib\site-packages\telebot\__init__.py", line 1235, in __threaded_polling
    self.worker_pool.raise_exceptions()
  File "C:\Users\mokun\PycharmProjects\TelegramBot\.venv\Lib\site-packages\telebot\util.py", line 150, in raise_exceptions
    raise self.exception_info
  File "C:\Users\mokun\PycharmProjects\TelegramBot\.venv\Lib\site-packages\telebot\util.py", line 93, in run
    task(*args, **kwargs)
  File "C:\Users\mokun\PycharmProjects\TelegramBot\.venv\Lib\site-packages\telebot\__init__.py", line 9233, in _run_middlewares_and_handler
    result = handler['function'](message)
             ^^^^^^^^^^^^^^^^^^^^^^^^^^^^
  File "C:\Users\mokun\PycharmProjects\TelegramBot\.venv\decorators.py", line 9, in wrapper
    return func(message, *args, **kwargs)
           ^^^^^^^^^^^^^^^^^^^^^^^^^^^^^^
  File "C:\Users\mokun\PycharmProjects\TelegramBot\.venv\handlers\user_commands.py", line 73, in stats_user
    f"• Всего пользователей: {stats['total_users']}\n"
                              ~~~~~^^^^^^^^^^^^^^^
KeyError: 'total_users'

2025-04-13 12:19:24,041 - ERROR - Infinity polling: polling exited
2025-04-13 12:19:24,042 - ERROR - Break infinity polling
2025-04-13 12:19:24,042 - INFO - Compliment scheduler stopped
2025-04-13 12:19:24,042 - INFO - Бот завершил работу
2025-04-13 12:19:47,389 - INFO - Database tables created/verified
2025-04-13 12:19:47,391 - INFO - Database initialized at data\bot_database.db
2025-04-13 12:19:47,393 - INFO - ComplimentScheduler initialized
2025-04-13 12:19:47,690 - INFO - Restored 1 subscriptions
2025-04-13 12:19:47,691 - INFO - Compliment scheduler started
2025-04-13 12:19:47,691 - INFO - Бот запущен и готов к работе
2025-04-13 12:19:47,693 - ERROR - Failed to get last compliment time: 'str' object has no attribute 'strftime'
2025-04-13 12:19:47,693 - INFO - Health check: 1 users, 42 compliments available
2025-04-13 12:24:47,694 - ERROR - Failed to get last compliment time: 'str' object has no attribute 'strftime'
2025-04-13 12:24:47,694 - INFO - Health check: 1 users, 42 compliments available
2025-04-13 12:27:52,454 - ERROR - Infinity polling: polling exited
2025-04-13 12:27:52,454 - ERROR - Break infinity polling
2025-04-13 12:27:52,454 - INFO - Compliment scheduler stopped
2025-04-13 12:27:52,454 - INFO - Бот завершил работу
2025-04-13 12:34:22,715 - INFO - Database tables created/verified
2025-04-13 12:34:22,715 - INFO - Database initialized at data\bot_database.db
2025-04-13 12:34:22,717 - CRITICAL - Fatal error: ComplimentScheduler.__init__() missing 1 required positional argument: 'db'
2025-04-13 12:34:22,717 - INFO - Бот завершил работу
2025-04-13 12:34:22,728 - INFO - Database connection closed
2025-04-13 12:35:19,841 - INFO - Database tables created/verified
2025-04-13 12:35:19,842 - INFO - Database initialized at data\bot_database.db
2025-04-13 12:35:19,844 - INFO - ComplimentScheduler initialized
2025-04-13 12:35:20,119 - INFO - Restored 1 subscriptions
2025-04-13 12:35:20,120 - INFO - Compliment scheduler started
2025-04-13 12:35:20,120 - INFO - Бот запущен и готов к работе
2025-04-13 12:35:20,135 - INFO - Health check: 1 users, 42 compliments available
2025-04-13 12:35:29,217 - ERROR - Infinity polling: polling exited
2025-04-13 12:35:29,217 - ERROR - Break infinity polling
2025-04-13 12:35:29,217 - INFO - Compliment scheduler stopped
2025-04-13 12:35:29,217 - INFO - Бот завершил работу
2025-04-13 12:43:15,391 - INFO - Database tables created/verified
2025-04-13 12:43:15,391 - INFO - Database initialized at data\bot_database.db
2025-04-13 12:43:15,394 - CRITICAL - Fatal error: ComplimentScheduler.__init__() missing 1 required positional argument: 'db'
2025-04-13 12:43:15,394 - INFO - Бот завершил работу
2025-04-13 12:43:15,409 - INFO - Database connection closed
2025-04-13 12:44:04,884 - INFO - Database tables created/verified
2025-04-13 12:44:04,884 - INFO - Database initialized at data\bot_database.db
2025-04-13 12:44:04,887 - CRITICAL - Fatal error: name 'db' is not defined
2025-04-13 12:44:04,888 - INFO - Бот завершил работу
2025-04-13 12:44:04,911 - INFO - Database connection closed
2025-04-13 12:44:17,537 - INFO - Database tables created/verified
2025-04-13 12:44:17,537 - INFO - Database initialized at data\bot_database.db
2025-04-13 12:44:17,540 - CRITICAL - Fatal error: ComplimentScheduler.__init__() missing 1 required positional argument: 'db'
2025-04-13 12:44:17,540 - INFO - Бот завершил работу
2025-04-13 12:44:17,555 - INFO - Database connection closed
2025-04-13 12:44:51,541 - INFO - Database tables created/verified
2025-04-13 12:44:51,542 - INFO - Database initialized at data\bot_database.db
2025-04-13 12:44:51,780 - INFO - Restored 1 subscriptions
2025-04-13 12:44:51,781 - INFO - Adding job tentatively -- it will be properly scheduled when the scheduler starts
2025-04-13 12:44:51,781 - INFO - Adding job tentatively -- it will be properly scheduled when the scheduler starts
2025-04-13 12:44:51,781 - INFO - Adding job tentatively -- it will be properly scheduled when the scheduler starts
2025-04-13 12:44:51,781 - INFO - Scheduled daily compliment jobs
2025-04-13 12:44:51,784 - INFO - Added job "ComplimentScheduler.send_compliments" to job store "default"
2025-04-13 12:44:51,784 - INFO - Added job "ComplimentScheduler.send_compliments" to job store "default"
2025-04-13 12:44:51,784 - INFO - Added job "ComplimentScheduler.send_compliments" to job store "default"
2025-04-13 12:44:51,784 - INFO - Scheduler started
2025-04-13 12:44:51,785 - INFO - Compliment scheduler started
2025-04-13 12:44:51,785 - ERROR - Health check failed: 'ComplimentScheduler' object has no attribute 'check_working'
2025-04-13 12:44:51,785 - INFO - Бот запущен и готов к работе
2025-04-13 12:45:41,102 - ERROR - Infinity polling: polling exited
2025-04-13 12:45:41,102 - ERROR - Break infinity polling
2025-04-13 12:45:41,102 - INFO - Scheduler has been shut down
2025-04-13 12:45:41,102 - INFO - Compliment scheduler stopped
2025-04-13 12:45:41,102 - INFO - Бот завершил работу
2025-04-13 12:45:41,743 - INFO - Database tables created/verified
2025-04-13 12:45:41,743 - INFO - Database initialized at data\bot_database.db
2025-04-13 12:45:42,029 - INFO - Restored 1 subscriptions
2025-04-13 12:45:42,031 - INFO - Adding job tentatively -- it will be properly scheduled when the scheduler starts
2025-04-13 12:45:42,031 - INFO - Adding job tentatively -- it will be properly scheduled when the scheduler starts
2025-04-13 12:45:42,031 - INFO - Adding job tentatively -- it will be properly scheduled when the scheduler starts
2025-04-13 12:45:42,031 - INFO - Scheduled daily compliment jobs
2025-04-13 12:45:42,032 - INFO - Added job "ComplimentScheduler.send_compliments" to job store "default"
2025-04-13 12:45:42,033 - INFO - Added job "ComplimentScheduler.send_compliments" to job store "default"
2025-04-13 12:45:42,033 - INFO - Added job "ComplimentScheduler.send_compliments" to job store "default"
2025-04-13 12:45:42,033 - INFO - Scheduler started
2025-04-13 12:45:42,033 - INFO - Compliment scheduler started
2025-04-13 12:45:42,034 - INFO - Бот запущен и готов к работе
2025-04-13 12:45:42,037 - INFO - Health check: 1 users, 42 compliments available
2025-04-13 12:46:12,773 - INFO - Recorded compliment 30 for user 7522466558
2025-04-13 12:46:17,992 - INFO - User 7522466558 subscription set to True
2025-04-13 12:46:19,185 - INFO - User 7522466558 subscription set to False
2025-04-13 12:46:20,781 - INFO - User 7522466558 subscription set to True
2025-04-13 12:46:28,894 - ERROR - Infinity polling exception: 'str' object has no attribute 'strftime'
2025-04-13 12:46:28,895 - ERROR - Exception traceback:
Traceback (most recent call last):
  File "C:\Users\mokun\PycharmProjects\TelegramBot\.venv\Lib\site-packages\telebot\__init__.py", line 1110, in infinity_polling
    self.polling(non_stop=True, timeout=timeout, long_polling_timeout=long_polling_timeout,
  File "C:\Users\mokun\PycharmProjects\TelegramBot\.venv\Lib\site-packages\telebot\__init__.py", line 1198, in polling
    self.__threaded_polling(non_stop=non_stop, interval=interval, timeout=timeout, long_polling_timeout=long_polling_timeout,
  File "C:\Users\mokun\PycharmProjects\TelegramBot\.venv\Lib\site-packages\telebot\__init__.py", line 1273, in __threaded_polling
    raise e
  File "C:\Users\mokun\PycharmProjects\TelegramBot\.venv\Lib\site-packages\telebot\__init__.py", line 1235, in __threaded_polling
    self.worker_pool.raise_exceptions()
  File "C:\Users\mokun\PycharmProjects\TelegramBot\.venv\Lib\site-packages\telebot\util.py", line 150, in raise_exceptions
    raise self.exception_info
  File "C:\Users\mokun\PycharmProjects\TelegramBot\.venv\Lib\site-packages\telebot\util.py", line 93, in run
    task(*args, **kwargs)
  File "C:\Users\mokun\PycharmProjects\TelegramBot\.venv\Lib\site-packages\telebot\__init__.py", line 9233, in _run_middlewares_and_handler
    result = handler['function'](message)
             ^^^^^^^^^^^^^^^^^^^^^^^^^^^^
  File "C:\Users\mokun\PycharmProjects\TelegramBot\.venv\decorators.py", line 17, in wrapper
    return func(message, *args, **kwargs)
           ^^^^^^^^^^^^^^^^^^^^^^^^^^^^^^
  File "C:\Users\mokun\PycharmProjects\TelegramBot\.venv\decorators.py", line 9, in wrapper
    return func(message, *args, **kwargs)
           ^^^^^^^^^^^^^^^^^^^^^^^^^^^^^^
  File "C:\Users\mokun\PycharmProjects\TelegramBot\.venv\handlers\admin_commands.py", line 14, in stats
    stats_data = db.get_detailed_stats()
                 ^^^^^^^^^^^^^^^^^^^^^^^
  File "C:\Users\mokun\PycharmProjects\TelegramBot\.venv\database.py", line 394, in get_detailed_stats
    'last_sent_time': last_sent.strftime('%Y-%m-%d %H:%M:%S') if last_sent else None
                      ^^^^^^^^^^^^^^^^^^
AttributeError: 'str' object has no attribute 'strftime'

2025-04-13 12:47:22,130 - INFO - Compliment added: Мое любимое солнышко...
2025-04-13 12:50:42,576 - INFO - Database tables created/verified
2025-04-13 12:50:42,576 - INFO - Database initialized at data\bot_database.db
2025-04-13 12:50:42,914 - INFO - Restored 1 subscriptions
2025-04-13 12:50:42,916 - INFO - Adding job tentatively -- it will be properly scheduled when the scheduler starts
2025-04-13 12:50:42,917 - INFO - Adding job tentatively -- it will be properly scheduled when the scheduler starts
2025-04-13 12:50:42,918 - INFO - Adding job tentatively -- it will be properly scheduled when the scheduler starts
2025-04-13 12:50:42,919 - INFO - Scheduled daily compliment jobs
2025-04-13 12:50:42,924 - INFO - Added job "ComplimentScheduler.send_compliments" to job store "default"
2025-04-13 12:50:42,924 - INFO - Added job "ComplimentScheduler.send_compliments" to job store "default"
2025-04-13 12:50:42,925 - INFO - Added job "ComplimentScheduler.send_compliments" to job store "default"
2025-04-13 12:50:42,925 - INFO - Scheduler started
2025-04-13 12:50:42,927 - INFO - Compliment scheduler started
2025-04-13 12:50:42,929 - INFO - Бот запущен и готов к работе
2025-04-13 12:50:42,944 - INFO - Health check: 1 users, 43 compliments available
2025-04-13 12:51:04,014 - INFO - Database backup created at data/backup_20250413_125103.db
2025-04-13 12:52:11,678 - ERROR - Infinity polling: polling exited
2025-04-13 12:52:11,678 - ERROR - Break infinity polling
2025-04-13 12:52:11,678 - INFO - Scheduler has been shut down
2025-04-13 12:52:11,678 - INFO - Compliment scheduler stopped
2025-04-13 12:52:11,678 - INFO - Бот завершил работу
2025-04-13 13:13:31,298 - INFO - Database tables created/verified
2025-04-13 13:13:31,299 - INFO - Database initialized at data\bot_database.db
2025-04-13 13:13:31,302 - CRITICAL - Fatal error: ComplimentScheduler.__init__() missing 1 required positional argument: 'db'
2025-04-13 13:13:31,302 - INFO - Бот завершил работу
2025-04-13 13:13:31,321 - INFO - Database connection closed
2025-04-13 13:14:18,772 - INFO - Database tables created/verified
2025-04-13 13:14:18,772 - INFO - Database initialized at data\bot_database.db
2025-04-13 13:14:19,014 - INFO - Restored 1 subscriptions
2025-04-13 13:14:19,016 - INFO - Adding job tentatively -- it will be properly scheduled when the scheduler starts
2025-04-13 13:14:19,016 - INFO - Adding job tentatively -- it will be properly scheduled when the scheduler starts
2025-04-13 13:14:19,016 - INFO - Adding job tentatively -- it will be properly scheduled when the scheduler starts
2025-04-13 13:14:19,017 - INFO - Scheduled daily compliment jobs
2025-04-13 13:14:19,018 - INFO - Added job "ComplimentScheduler.send_compliments" to job store "default"
2025-04-13 13:14:19,018 - INFO - Added job "ComplimentScheduler.send_compliments" to job store "default"
2025-04-13 13:14:19,018 - INFO - Added job "ComplimentScheduler.send_compliments" to job store "default"
2025-04-13 13:14:19,018 - INFO - Scheduler started
2025-04-13 13:14:19,019 - INFO - Compliment scheduler started
2025-04-13 13:14:19,019 - INFO - Бот запущен и готов к работе
2025-04-13 13:14:19,023 - INFO - Health check: 1 users, 43 compliments available
2025-04-13 13:14:38,610 - INFO - Recorded compliment 39 for user 7522466558
2025-04-13 13:14:46,497 - INFO - User 7522466558 subscription set to True
2025-04-13 13:14:52,480 - INFO - User 7522466558 subscription set to False
2025-04-13 13:14:53,612 - INFO - User 7522466558 subscription set to True
2025-04-13 13:15:37,638 - INFO - Compliment added: Любовь моя, если чит...
2025-04-13 13:19:18,985 - INFO - Health check: 1 users, 44 compliments available
2025-04-13 13:24:18,951 - INFO - Health check: 1 users, 44 compliments available
2025-04-13 13:29:18,926 - INFO - Health check: 1 users, 44 compliments available
2025-04-13 13:34:18,900 - INFO - Health check: 1 users, 44 compliments available
2025-04-13 15:20:18,506 - ERROR - Infinity polling exception: ('Connection aborted.', RemoteDisconnected('Remote end closed connection without response'))
2025-04-13 15:20:18,513 - ERROR - Exception traceback:
Traceback (most recent call last):
  File "C:\Users\mokun\PycharmProjects\TelegramBot\.venv\Lib\site-packages\urllib3\connectionpool.py", line 787, in urlopen
    response = self._make_request(
               ^^^^^^^^^^^^^^^^^^^
  File "C:\Users\mokun\PycharmProjects\TelegramBot\.venv\Lib\site-packages\urllib3\connectionpool.py", line 534, in _make_request
    response = conn.getresponse()
               ^^^^^^^^^^^^^^^^^^
  File "C:\Users\mokun\PycharmProjects\TelegramBot\.venv\Lib\site-packages\urllib3\connection.py", line 516, in getresponse
    httplib_response = super().getresponse()
                       ^^^^^^^^^^^^^^^^^^^^^
  File "C:\Python311\Lib\http\client.py", line 1374, in getresponse
    response.begin()
  File "C:\Python311\Lib\http\client.py", line 318, in begin
    version, status, reason = self._read_status()
                              ^^^^^^^^^^^^^^^^^^^
  File "C:\Python311\Lib\http\client.py", line 287, in _read_status
    raise RemoteDisconnected("Remote end closed connection without"
http.client.RemoteDisconnected: Remote end closed connection without response

During handling of the above exception, another exception occurred:

Traceback (most recent call last):
  File "C:\Users\mokun\PycharmProjects\TelegramBot\.venv\Lib\site-packages\requests\adapters.py", line 667, in send
    resp = conn.urlopen(
           ^^^^^^^^^^^^^
  File "C:\Users\mokun\PycharmProjects\TelegramBot\.venv\Lib\site-packages\urllib3\connectionpool.py", line 841, in urlopen
    retries = retries.increment(
              ^^^^^^^^^^^^^^^^^^
  File "C:\Users\mokun\PycharmProjects\TelegramBot\.venv\Lib\site-packages\urllib3\util\retry.py", line 474, in increment
    raise reraise(type(error), error, _stacktrace)
          ^^^^^^^^^^^^^^^^^^^^^^^^^^^^^^^^^^^^^^^^
  File "C:\Users\mokun\PycharmProjects\TelegramBot\.venv\Lib\site-packages\urllib3\util\util.py", line 38, in reraise
    raise value.with_traceback(tb)
  File "C:\Users\mokun\PycharmProjects\TelegramBot\.venv\Lib\site-packages\urllib3\connectionpool.py", line 787, in urlopen
    response = self._make_request(
               ^^^^^^^^^^^^^^^^^^^
  File "C:\Users\mokun\PycharmProjects\TelegramBot\.venv\Lib\site-packages\urllib3\connectionpool.py", line 534, in _make_request
    response = conn.getresponse()
               ^^^^^^^^^^^^^^^^^^
  File "C:\Users\mokun\PycharmProjects\TelegramBot\.venv\Lib\site-packages\urllib3\connection.py", line 516, in getresponse
    httplib_response = super().getresponse()
                       ^^^^^^^^^^^^^^^^^^^^^
  File "C:\Python311\Lib\http\client.py", line 1374, in getresponse
    response.begin()
  File "C:\Python311\Lib\http\client.py", line 318, in begin
    version, status, reason = self._read_status()
                              ^^^^^^^^^^^^^^^^^^^
  File "C:\Python311\Lib\http\client.py", line 287, in _read_status
    raise RemoteDisconnected("Remote end closed connection without"
urllib3.exceptions.ProtocolError: ('Connection aborted.', RemoteDisconnected('Remote end closed connection without response'))

During handling of the above exception, another exception occurred:

Traceback (most recent call last):
  File "C:\Users\mokun\PycharmProjects\TelegramBot\.venv\Lib\site-packages\telebot\__init__.py", line 1110, in infinity_polling
    self.polling(non_stop=True, timeout=timeout, long_polling_timeout=long_polling_timeout,
  File "C:\Users\mokun\PycharmProjects\TelegramBot\.venv\Lib\site-packages\telebot\__init__.py", line 1198, in polling
    self.__threaded_polling(non_stop=non_stop, interval=interval, timeout=timeout, long_polling_timeout=long_polling_timeout,
  File "C:\Users\mokun\PycharmProjects\TelegramBot\.venv\Lib\site-packages\telebot\__init__.py", line 1273, in __threaded_polling
    raise e
  File "C:\Users\mokun\PycharmProjects\TelegramBot\.venv\Lib\site-packages\telebot\__init__.py", line 1234, in __threaded_polling
    polling_thread.raise_exceptions()
  File "C:\Users\mokun\PycharmProjects\TelegramBot\.venv\Lib\site-packages\telebot\util.py", line 111, in raise_exceptions
    raise self.exception_info
  File "C:\Users\mokun\PycharmProjects\TelegramBot\.venv\Lib\site-packages\telebot\util.py", line 93, in run
    task(*args, **kwargs)
  File "C:\Users\mokun\PycharmProjects\TelegramBot\.venv\Lib\site-packages\telebot\__init__.py", line 688, in __retrieve_updates
    updates = self.get_updates(offset=(self.last_update_id + 1),
             ^^^^^^^^^^^^^^^^^^^^^^^^^^^^^^^^^^^^^^^^^^^^^^^^^^^
  File "C:\Users\mokun\PycharmProjects\TelegramBot\.venv\Lib\site-packages\telebot\__init__.py", line 660, in get_updates
    json_updates = apihelper.get_updates(
                   ^^^^^^^^^^^^^^^^^^^^^^
  File "C:\Users\mokun\PycharmProjects\TelegramBot\.venv\Lib\site-packages\telebot\apihelper.py", line 332, in get_updates
    return _make_request(token, method_url, params=payload)
           ^^^^^^^^^^^^^^^^^^^^^^^^^^^^^^^^^^^^^^^^^^^^^^^^
  File "C:\Users\mokun\PycharmProjects\TelegramBot\.venv\Lib\site-packages\telebot\apihelper.py", line 162, in _make_request
    result = _get_req_session().request(
             ^^^^^^^^^^^^^^^^^^^^^^^^^^^
  File "C:\Users\mokun\PycharmProjects\TelegramBot\.venv\Lib\site-packages\requests\sessions.py", line 589, in request
    resp = self.send(prep, **send_kwargs)
           ^^^^^^^^^^^^^^^^^^^^^^^^^^^^^^
  File "C:\Users\mokun\PycharmProjects\TelegramBot\.venv\Lib\site-packages\requests\sessions.py", line 703, in send
    r = adapter.send(request, **kwargs)
        ^^^^^^^^^^^^^^^^^^^^^^^^^^^^^^^
  File "C:\Users\mokun\PycharmProjects\TelegramBot\.venv\Lib\site-packages\requests\adapters.py", line 682, in send
    raise ConnectionError(err, request=request)
requests.exceptions.ConnectionError: ('Connection aborted.', RemoteDisconnected('Remote end closed connection without response'))

2025-04-13 15:20:21,572 - ERROR - Infinity polling exception: HTTPSConnectionPool(host='api.telegram.org', port=443): Max retries exceeded with url: /bot8178300145:***********************************/getUpdates?offset=664810366&timeout=20 (Caused by NameResolutionError("<urllib3.connection.HTTPSConnection object at 0x0000028799E75A50>: Failed to resolve 'api.telegram.org' ([Errno 11001] getaddrinfo failed)"))
2025-04-13 15:20:21,577 - ERROR - Exception traceback:
Traceback (most recent call last):
  File "C:\Users\mokun\PycharmProjects\TelegramBot\.venv\Lib\site-packages\urllib3\connection.py", line 198, in _new_conn
    sock = connection.create_connection(
           ^^^^^^^^^^^^^^^^^^^^^^^^^^^^^
  File "C:\Users\mokun\PycharmProjects\TelegramBot\.venv\Lib\site-packages\urllib3\util\connection.py", line 60, in create_connection
    for res in socket.getaddrinfo(host, port, family, socket.SOCK_STREAM):
               ^^^^^^^^^^^^^^^^^^^^^^^^^^^^^^^^^^^^^^^^^^^^^^^^^^^^^^^^^^
  File "C:\Python311\Lib\socket.py", line 961, in getaddrinfo
    for res in _socket.getaddrinfo(host, port, family, type, proto, flags):
               ^^^^^^^^^^^^^^^^^^^^^^^^^^^^^^^^^^^^^^^^^^^^^^^^^^^^^^^^^^^
socket.gaierror: [Errno 11001] getaddrinfo failed

The above exception was the direct cause of the following exception:

Traceback (most recent call last):
  File "C:\Users\mokun\PycharmProjects\TelegramBot\.venv\Lib\site-packages\urllib3\connectionpool.py", line 787, in urlopen
    response = self._make_request(
               ^^^^^^^^^^^^^^^^^^^
  File "C:\Users\mokun\PycharmProjects\TelegramBot\.venv\Lib\site-packages\urllib3\connectionpool.py", line 488, in _make_request
    raise new_e
  File "C:\Users\mokun\PycharmProjects\TelegramBot\.venv\Lib\site-packages\urllib3\connectionpool.py", line 464, in _make_request
    self._validate_conn(conn)
  File "C:\Users\mokun\PycharmProjects\TelegramBot\.venv\Lib\site-packages\urllib3\connectionpool.py", line 1093, in _validate_conn
    conn.connect()
  File "C:\Users\mokun\PycharmProjects\TelegramBot\.venv\Lib\site-packages\urllib3\connection.py", line 704, in connect
    self.sock = sock = self._new_conn()
                       ^^^^^^^^^^^^^^^^
  File "C:\Users\mokun\PycharmProjects\TelegramBot\.venv\Lib\site-packages\urllib3\connection.py", line 205, in _new_conn
    raise NameResolutionError(self.host, self, e) from e
urllib3.exceptions.NameResolutionError: <urllib3.connection.HTTPSConnection object at 0x0000028799E75A50>: Failed to resolve 'api.telegram.org' ([Errno 11001] getaddrinfo failed)

The above exception was the direct cause of the following exception:

Traceback (most recent call last):
  File "C:\Users\mokun\PycharmProjects\TelegramBot\.venv\Lib\site-packages\requests\adapters.py", line 667, in send
    resp = conn.urlopen(
           ^^^^^^^^^^^^^
  File "C:\Users\mokun\PycharmProjects\TelegramBot\.venv\Lib\site-packages\urllib3\connectionpool.py", line 841, in urlopen
    retries = retries.increment(
              ^^^^^^^^^^^^^^^^^^
  File "C:\Users\mokun\PycharmProjects\TelegramBot\.venv\Lib\site-packages\urllib3\util\retry.py", line 519, in increment
    raise MaxRetryError(_pool, url, reason) from reason  # type: ignore[arg-type]
    ^^^^^^^^^^^^^^^^^^^^^^^^^^^^^^^^^^^^^^^^^^^^^^^^^^^
urllib3.exceptions.MaxRetryError: HTTPSConnectionPool(host='api.telegram.org', port=443): Max retries exceeded with url: /bot8178300145:***********************************/getUpdates?offset=664810366&timeout=20 (Caused by NameResolutionError("<urllib3.connection.HTTPSConnection object at 0x0000028799E75A50>: Failed to resolve 'api.telegram.org' ([Errno 11001] getaddrinfo failed)"))

During handling of the above exception, another exception occurred:

Traceback (most recent call last):
  File "C:\Users\mokun\PycharmProjects\TelegramBot\.venv\Lib\site-packages\telebot\__init__.py", line 1110, in infinity_polling
    self.polling(non_stop=True, timeout=timeout, long_polling_timeout=long_polling_timeout,
  File "C:\Users\mokun\PycharmProjects\TelegramBot\.venv\Lib\site-packages\telebot\__init__.py", line 1198, in polling
    self.__threaded_polling(non_stop=non_stop, interval=interval, timeout=timeout, long_polling_timeout=long_polling_timeout,
  File "C:\Users\mokun\PycharmProjects\TelegramBot\.venv\Lib\site-packages\telebot\__init__.py", line 1273, in __threaded_polling
    raise e
  File "C:\Users\mokun\PycharmProjects\TelegramBot\.venv\Lib\site-packages\telebot\__init__.py", line 1234, in __threaded_polling
    polling_thread.raise_exceptions()
  File "C:\Users\mokun\PycharmProjects\TelegramBot\.venv\Lib\site-packages\telebot\util.py", line 111, in raise_exceptions
    raise self.exception_info
  File "C:\Users\mokun\PycharmProjects\TelegramBot\.venv\Lib\site-packages\telebot\util.py", line 93, in run
    task(*args, **kwargs)
  File "C:\Users\mokun\PycharmProjects\TelegramBot\.venv\Lib\site-packages\telebot\__init__.py", line 688, in __retrieve_updates
    updates = self.get_updates(offset=(self.last_update_id + 1),
             ^^^^^^^^^^^^^^^^^^^^^^^^^^^^^^^^^^^^^^^^^^^^^^^^^^^
  File "C:\Users\mokun\PycharmProjects\TelegramBot\.venv\Lib\site-packages\telebot\__init__.py", line 660, in get_updates
    json_updates = apihelper.get_updates(
                   ^^^^^^^^^^^^^^^^^^^^^^
  File "C:\Users\mokun\PycharmProjects\TelegramBot\.venv\Lib\site-packages\telebot\apihelper.py", line 332, in get_updates
    return _make_request(token, method_url, params=payload)
           ^^^^^^^^^^^^^^^^^^^^^^^^^^^^^^^^^^^^^^^^^^^^^^^^
  File "C:\Users\mokun\PycharmProjects\TelegramBot\.venv\Lib\site-packages\telebot\apihelper.py", line 162, in _make_request
    result = _get_req_session().request(
             ^^^^^^^^^^^^^^^^^^^^^^^^^^^
  File "C:\Users\mokun\PycharmProjects\TelegramBot\.venv\Lib\site-packages\requests\sessions.py", line 589, in request
    resp = self.send(prep, **send_kwargs)
           ^^^^^^^^^^^^^^^^^^^^^^^^^^^^^^
  File "C:\Users\mokun\PycharmProjects\TelegramBot\.venv\Lib\site-packages\requests\sessions.py", line 703, in send
    r = adapter.send(request, **kwargs)
        ^^^^^^^^^^^^^^^^^^^^^^^^^^^^^^^
  File "C:\Users\mokun\PycharmProjects\TelegramBot\.venv\Lib\site-packages\requests\adapters.py", line 700, in send
    raise ConnectionError(e, request=request)
requests.exceptions.ConnectionError: HTTPSConnectionPool(host='api.telegram.org', port=443): Max retries exceeded with url: /bot8178300145:***********************************/getUpdates?offset=664810366&timeout=20 (Caused by NameResolutionError("<urllib3.connection.HTTPSConnection object at 0x0000028799E75A50>: Failed to resolve 'api.telegram.org' ([Errno 11001] getaddrinfo failed)"))

2025-04-13 15:21:04,862 - ERROR - Infinity polling: polling exited
2025-04-13 15:21:04,863 - ERROR - Break infinity polling
2025-04-13 15:21:04,863 - INFO - Scheduler has been shut down
2025-04-13 15:21:04,865 - INFO - Compliment scheduler stopped
2025-04-13 15:21:04,866 - INFO - Бот завершил работу
2025-04-13 15:21:05,689 - INFO - Database tables created/verified
2025-04-13 15:21:05,689 - INFO - Database initialized at data\bot_database.db
2025-04-13 15:21:06,075 - INFO - Restored 1 subscriptions
2025-04-13 15:21:06,078 - INFO - Adding job tentatively -- it will be properly scheduled when the scheduler starts
2025-04-13 15:21:06,079 - INFO - Adding job tentatively -- it will be properly scheduled when the scheduler starts
2025-04-13 15:21:06,080 - INFO - Adding job tentatively -- it will be properly scheduled when the scheduler starts
2025-04-13 15:21:06,080 - INFO - Scheduled daily compliment jobs
2025-04-13 15:21:06,085 - INFO - Added job "ComplimentScheduler.send_compliments" to job store "default"
2025-04-13 15:21:06,086 - INFO - Added job "ComplimentScheduler.send_compliments" to job store "default"
2025-04-13 15:21:06,086 - INFO - Added job "ComplimentScheduler.send_compliments" to job store "default"
2025-04-13 15:21:06,087 - INFO - Scheduler started
2025-04-13 15:21:06,088 - INFO - Compliment scheduler started
2025-04-13 15:21:06,089 - INFO - Бот запущен и готов к работе
2025-04-13 15:21:06,102 - INFO - Health check: 1 users, 44 compliments available
2025-04-13 15:22:18,895 - INFO - User 7522466558 added/updated
2025-04-13 15:22:18,897 - INFO - User 7522466558 subscription set to True
2025-04-13 15:26:06,104 - INFO - Health check: 1 users, 44 compliments available
2025-04-13 15:31:06,106 - INFO - Health check: 1 users, 44 compliments available
2025-04-13 15:36:06,107 - INFO - Health check: 1 users, 44 compliments available
2025-04-13 15:41:06,109 - INFO - Health check: 1 users, 44 compliments available
2025-04-13 15:41:26,951 - INFO - User 734185566 subscription set to True
2025-04-13 15:44:53,841 - INFO - User 734185566 added/updated
2025-04-13 15:44:53,844 - INFO - User 734185566 subscription set to True
2025-04-13 15:44:58,098 - INFO - Recorded compliment 25 for user 734185566
2025-04-13 15:45:02,069 - INFO - User 734185566 subscription set to True
2025-04-13 15:45:50,208 - INFO - Database backup created at data/backup_20250413_154550.db
2025-04-13 15:46:06,110 - INFO - Health check: 2 users, 44 compliments available
2025-04-13 15:51:06,112 - INFO - Health check: 2 users, 44 compliments available
2025-04-13 15:56:06,114 - INFO - Health check: 2 users, 44 compliments available
2025-04-13 16:01:06,116 - INFO - Health check: 2 users, 44 compliments available
2025-04-13 16:06:06,118 - INFO - Health check: 2 users, 44 compliments available
2025-04-13 16:11:06,119 - INFO - Health check: 2 users, 44 compliments available
2025-04-13 16:16:06,120 - INFO - Health check: 2 users, 44 compliments available
2025-04-13 16:21:06,122 - INFO - Health check: 2 users, 44 compliments available
2025-04-13 16:26:06,124 - INFO - Health check: 2 users, 44 compliments available
2025-04-13 16:31:06,125 - INFO - Health check: 2 users, 44 compliments available
2025-04-13 16:36:06,128 - INFO - Health check: 2 users, 44 compliments available
2025-04-13 16:41:06,130 - INFO - Health check: 2 users, 44 compliments available
2025-04-13 16:46:06,132 - INFO - Health check: 2 users, 44 compliments available
2025-04-13 16:51:06,134 - INFO - Health check: 2 users, 44 compliments available
2025-04-13 16:56:06,136 - INFO - Health check: 2 users, 44 compliments available
2025-04-13 17:01:06,137 - INFO - Health check: 2 users, 44 compliments available
2025-04-13 17:06:06,138 - INFO - Health check: 2 users, 44 compliments available
2025-04-13 17:11:06,140 - INFO - Health check: 2 users, 44 compliments available
2025-04-13 17:16:06,142 - INFO - Health check: 2 users, 44 compliments available
2025-04-13 17:21:06,145 - INFO - Health check: 2 users, 44 compliments available
2025-04-13 17:26:06,147 - INFO - Health check: 2 users, 44 compliments available
2025-04-13 17:31:06,149 - INFO - Health check: 2 users, 44 compliments available
2025-04-13 17:36:06,150 - INFO - Health check: 2 users, 44 compliments available
2025-04-13 17:41:06,152 - INFO - Health check: 2 users, 44 compliments available
2025-04-13 17:46:06,154 - INFO - Health check: 2 users, 44 compliments available
2025-04-13 17:51:06,156 - INFO - Health check: 2 users, 44 compliments available
2025-04-13 17:56:06,158 - INFO - Health check: 2 users, 44 compliments available
2025-04-13 18:01:06,161 - INFO - Health check: 2 users, 44 compliments available
2025-04-13 18:06:06,163 - INFO - Health check: 2 users, 44 compliments available
2025-04-13 18:11:06,165 - INFO - Health check: 2 users, 44 compliments available
2025-04-13 18:16:06,167 - INFO - Health check: 2 users, 44 compliments available
2025-04-13 18:21:06,169 - INFO - Health check: 2 users, 44 compliments available
2025-04-13 18:26:06,173 - INFO - Health check: 2 users, 44 compliments available
2025-04-13 18:31:06,174 - INFO - Health check: 2 users, 44 compliments available
2025-04-13 18:36:06,176 - INFO - Health check: 2 users, 44 compliments available
2025-04-13 18:41:06,177 - INFO - Health check: 2 users, 44 compliments available
2025-04-13 18:46:06,180 - INFO - Health check: 2 users, 44 compliments available
2025-04-13 18:51:06,181 - INFO - Health check: 2 users, 44 compliments available
2025-04-13 18:56:06,183 - INFO - Health check: 2 users, 44 compliments available
2025-04-13 19:01:06,186 - INFO - Health check: 2 users, 44 compliments available
2025-04-13 19:06:06,187 - INFO - Health check: 2 users, 44 compliments available
2025-04-13 19:11:06,190 - INFO - Health check: 2 users, 44 compliments available
2025-04-13 19:16:06,190 - INFO - Health check: 2 users, 44 compliments available
2025-04-13 19:21:06,192 - INFO - Health check: 2 users, 44 compliments available
2025-04-13 19:26:06,194 - INFO - Health check: 2 users, 44 compliments available
2025-04-13 19:31:06,196 - INFO - Health check: 2 users, 44 compliments available
2025-04-13 19:36:06,200 - INFO - Health check: 2 users, 44 compliments available
2025-04-13 19:41:06,201 - INFO - Health check: 2 users, 44 compliments available
2025-04-13 19:46:06,203 - INFO - Health check: 2 users, 44 compliments available
2025-04-13 19:51:06,205 - INFO - Health check: 2 users, 44 compliments available
2025-04-13 19:56:06,208 - INFO - Health check: 2 users, 44 compliments available
2025-04-13 20:00:00,034 - INFO - Running job "ComplimentScheduler.send_compliments (trigger: cron[hour='20', minute='0'], next run at: 2025-04-13 20:00:00 MSK)" (scheduled at 2025-04-13 20:00:00+03:00)
2025-04-13 20:00:00,284 - INFO - Recorded compliment 37 for user 7522466558
2025-04-13 20:00:00,415 - INFO - Recorded compliment 37 for user 734185566
2025-04-13 20:00:00,415 - INFO - Job "ComplimentScheduler.send_compliments (trigger: cron[hour='20', minute='0'], next run at: 2025-04-14 20:00:00 MSK)" executed successfully
2025-04-13 20:01:06,209 - INFO - Health check: 2 users, 44 compliments available
2025-04-13 20:06:06,211 - INFO - Health check: 2 users, 44 compliments available
2025-04-13 20:11:06,214 - INFO - Health check: 2 users, 44 compliments available
2025-04-13 20:16:06,215 - INFO - Health check: 2 users, 44 compliments available
2025-04-13 20:21:06,217 - INFO - Health check: 2 users, 44 compliments available
2025-04-13 20:26:06,219 - INFO - Health check: 2 users, 44 compliments available
2025-04-13 20:31:06,221 - INFO - Health check: 2 users, 44 compliments available
2025-04-13 20:36:06,224 - INFO - Health check: 2 users, 44 compliments available
2025-04-13 20:41:06,226 - INFO - Health check: 2 users, 44 compliments available
2025-04-13 20:42:19,021 - ERROR - Infinity polling exception: ('Connection aborted.', RemoteDisconnected('Remote end closed connection without response'))
2025-04-13 20:42:19,023 - ERROR - Exception traceback:
Traceback (most recent call last):
  File "C:\Users\mokun\PycharmProjects\TelegramBot\.venv\Lib\site-packages\urllib3\connectionpool.py", line 787, in urlopen
    response = self._make_request(
               ^^^^^^^^^^^^^^^^^^^
  File "C:\Users\mokun\PycharmProjects\TelegramBot\.venv\Lib\site-packages\urllib3\connectionpool.py", line 534, in _make_request
    response = conn.getresponse()
               ^^^^^^^^^^^^^^^^^^
  File "C:\Users\mokun\PycharmProjects\TelegramBot\.venv\Lib\site-packages\urllib3\connection.py", line 516, in getresponse
    httplib_response = super().getresponse()
                       ^^^^^^^^^^^^^^^^^^^^^
  File "C:\Python311\Lib\http\client.py", line 1374, in getresponse
    response.begin()
  File "C:\Python311\Lib\http\client.py", line 318, in begin
    version, status, reason = self._read_status()
                              ^^^^^^^^^^^^^^^^^^^
  File "C:\Python311\Lib\http\client.py", line 287, in _read_status
    raise RemoteDisconnected("Remote end closed connection without"
http.client.RemoteDisconnected: Remote end closed connection without response

During handling of the above exception, another exception occurred:

Traceback (most recent call last):
  File "C:\Users\mokun\PycharmProjects\TelegramBot\.venv\Lib\site-packages\requests\adapters.py", line 667, in send
    resp = conn.urlopen(
           ^^^^^^^^^^^^^
  File "C:\Users\mokun\PycharmProjects\TelegramBot\.venv\Lib\site-packages\urllib3\connectionpool.py", line 841, in urlopen
    retries = retries.increment(
              ^^^^^^^^^^^^^^^^^^
  File "C:\Users\mokun\PycharmProjects\TelegramBot\.venv\Lib\site-packages\urllib3\util\retry.py", line 474, in increment
    raise reraise(type(error), error, _stacktrace)
          ^^^^^^^^^^^^^^^^^^^^^^^^^^^^^^^^^^^^^^^^
  File "C:\Users\mokun\PycharmProjects\TelegramBot\.venv\Lib\site-packages\urllib3\util\util.py", line 38, in reraise
    raise value.with_traceback(tb)
  File "C:\Users\mokun\PycharmProjects\TelegramBot\.venv\Lib\site-packages\urllib3\connectionpool.py", line 787, in urlopen
    response = self._make_request(
               ^^^^^^^^^^^^^^^^^^^
  File "C:\Users\mokun\PycharmProjects\TelegramBot\.venv\Lib\site-packages\urllib3\connectionpool.py", line 534, in _make_request
    response = conn.getresponse()
               ^^^^^^^^^^^^^^^^^^
  File "C:\Users\mokun\PycharmProjects\TelegramBot\.venv\Lib\site-packages\urllib3\connection.py", line 516, in getresponse
    httplib_response = super().getresponse()
                       ^^^^^^^^^^^^^^^^^^^^^
  File "C:\Python311\Lib\http\client.py", line 1374, in getresponse
    response.begin()
  File "C:\Python311\Lib\http\client.py", line 318, in begin
    version, status, reason = self._read_status()
                              ^^^^^^^^^^^^^^^^^^^
  File "C:\Python311\Lib\http\client.py", line 287, in _read_status
    raise RemoteDisconnected("Remote end closed connection without"
urllib3.exceptions.ProtocolError: ('Connection aborted.', RemoteDisconnected('Remote end closed connection without response'))

During handling of the above exception, another exception occurred:

Traceback (most recent call last):
  File "C:\Users\mokun\PycharmProjects\TelegramBot\.venv\Lib\site-packages\telebot\__init__.py", line 1110, in infinity_polling
    self.polling(non_stop=True, timeout=timeout, long_polling_timeout=long_polling_timeout,
  File "C:\Users\mokun\PycharmProjects\TelegramBot\.venv\Lib\site-packages\telebot\__init__.py", line 1198, in polling
    self.__threaded_polling(non_stop=non_stop, interval=interval, timeout=timeout, long_polling_timeout=long_polling_timeout,
  File "C:\Users\mokun\PycharmProjects\TelegramBot\.venv\Lib\site-packages\telebot\__init__.py", line 1273, in __threaded_polling
    raise e
  File "C:\Users\mokun\PycharmProjects\TelegramBot\.venv\Lib\site-packages\telebot\__init__.py", line 1234, in __threaded_polling
    polling_thread.raise_exceptions()
  File "C:\Users\mokun\PycharmProjects\TelegramBot\.venv\Lib\site-packages\telebot\util.py", line 111, in raise_exceptions
    raise self.exception_info
  File "C:\Users\mokun\PycharmProjects\TelegramBot\.venv\Lib\site-packages\telebot\util.py", line 93, in run
    task(*args, **kwargs)
  File "C:\Users\mokun\PycharmProjects\TelegramBot\.venv\Lib\site-packages\telebot\__init__.py", line 688, in __retrieve_updates
    updates = self.get_updates(offset=(self.last_update_id + 1),
             ^^^^^^^^^^^^^^^^^^^^^^^^^^^^^^^^^^^^^^^^^^^^^^^^^^^
  File "C:\Users\mokun\PycharmProjects\TelegramBot\.venv\Lib\site-packages\telebot\__init__.py", line 660, in get_updates
    json_updates = apihelper.get_updates(
                   ^^^^^^^^^^^^^^^^^^^^^^
  File "C:\Users\mokun\PycharmProjects\TelegramBot\.venv\Lib\site-packages\telebot\apihelper.py", line 332, in get_updates
    return _make_request(token, method_url, params=payload)
           ^^^^^^^^^^^^^^^^^^^^^^^^^^^^^^^^^^^^^^^^^^^^^^^^
  File "C:\Users\mokun\PycharmProjects\TelegramBot\.venv\Lib\site-packages\telebot\apihelper.py", line 162, in _make_request
    result = _get_req_session().request(
             ^^^^^^^^^^^^^^^^^^^^^^^^^^^
  File "C:\Users\mokun\PycharmProjects\TelegramBot\.venv\Lib\site-packages\requests\sessions.py", line 589, in request
    resp = self.send(prep, **send_kwargs)
           ^^^^^^^^^^^^^^^^^^^^^^^^^^^^^^
  File "C:\Users\mokun\PycharmProjects\TelegramBot\.venv\Lib\site-packages\requests\sessions.py", line 703, in send
    r = adapter.send(request, **kwargs)
        ^^^^^^^^^^^^^^^^^^^^^^^^^^^^^^^
  File "C:\Users\mokun\PycharmProjects\TelegramBot\.venv\Lib\site-packages\requests\adapters.py", line 682, in send
    raise ConnectionError(err, request=request)
requests.exceptions.ConnectionError: ('Connection aborted.', RemoteDisconnected('Remote end closed connection without response'))

2025-04-13 20:46:06,228 - INFO - Health check: 2 users, 44 compliments available
2025-04-13 20:51:06,228 - INFO - Health check: 2 users, 44 compliments available
2025-04-17 22:05:14,070 - INFO - Database tables created/verified
2025-04-17 22:05:14,071 - INFO - Database initialized at data\bot_database.db
2025-04-17 22:05:14,509 - INFO - Restored 2 subscriptions
2025-04-17 22:05:14,510 - INFO - Adding job tentatively -- it will be properly scheduled when the scheduler starts
2025-04-17 22:05:14,510 - INFO - Adding job tentatively -- it will be properly scheduled when the scheduler starts
2025-04-17 22:05:14,510 - INFO - Adding job tentatively -- it will be properly scheduled when the scheduler starts
2025-04-17 22:05:14,510 - INFO - Scheduled daily compliment jobs
2025-04-17 22:05:14,512 - INFO - Added job "ComplimentScheduler.send_compliments" to job store "default"
2025-04-17 22:05:14,513 - INFO - Added job "ComplimentScheduler.send_compliments" to job store "default"
2025-04-17 22:05:14,513 - INFO - Added job "ComplimentScheduler.send_compliments" to job store "default"
2025-04-17 22:05:14,513 - INFO - Scheduler started
2025-04-17 22:05:14,514 - INFO - Compliment scheduler started
2025-04-17 22:05:14,514 - INFO - Бот запущен и готов к работе
2025-04-17 22:05:14,519 - INFO - Health check: 2 users, 44 compliments available
2025-04-17 22:05:34,797 - ERROR - Infinity polling: polling exited
2025-04-17 22:05:34,797 - ERROR - Break infinity polling
2025-04-17 22:05:34,797 - INFO - Scheduler has been shut down
2025-04-17 22:05:34,798 - INFO - Compliment scheduler stopped
2025-04-17 22:05:34,798 - INFO - Бот завершил работу
2025-04-17 22:24:43,619 - INFO - Database tables created/verified
2025-04-17 22:24:43,619 - INFO - Database initialized at data\bot_database.db
2025-04-17 22:24:43,948 - INFO - Restored 2 subscriptions
2025-04-17 22:24:43,948 - INFO - Adding job tentatively -- it will be properly scheduled when the scheduler starts
2025-04-17 22:24:43,948 - INFO - Adding job tentatively -- it will be properly scheduled when the scheduler starts
2025-04-17 22:24:43,949 - INFO - Adding job tentatively -- it will be properly scheduled when the scheduler starts
2025-04-17 22:24:43,949 - INFO - Scheduled daily compliment jobs
2025-04-17 22:24:43,950 - INFO - Added job "ComplimentScheduler.send_compliments" to job store "default"
2025-04-17 22:24:43,951 - INFO - Added job "ComplimentScheduler.send_compliments" to job store "default"
2025-04-17 22:24:43,951 - INFO - Added job "ComplimentScheduler.send_compliments" to job store "default"
2025-04-17 22:24:43,951 - INFO - Scheduler started
2025-04-17 22:24:43,951 - INFO - Compliment scheduler started
2025-04-17 22:24:43,952 - INFO - Бот запущен и готов к работе
2025-04-17 22:24:43,956 - INFO - Health check: 2 users, 44 compliments available
2025-04-17 22:25:40,003 - INFO - User 7522466558 added/updated
2025-04-17 22:25:40,006 - INFO - User 7522466558 subscription set to True
2025-04-17 22:26:23,113 - ERROR - Infinity polling: polling exited
2025-04-17 22:26:23,113 - ERROR - Break infinity polling
2025-04-17 22:26:23,113 - INFO - Scheduler has been shut down
2025-04-17 22:26:23,113 - INFO - Compliment scheduler stopped
2025-04-17 22:26:23,113 - INFO - Бот завершил работу
2025-04-17 22:26:23,859 - INFO - Database tables created/verified
2025-04-17 22:26:23,859 - INFO - Database initialized at data\bot_database.db
2025-04-17 22:26:24,351 - INFO - Restored 2 subscriptions
2025-04-17 22:26:24,355 - INFO - Adding job tentatively -- it will be properly scheduled when the scheduler starts
2025-04-17 22:26:24,357 - INFO - Adding job tentatively -- it will be properly scheduled when the scheduler starts
2025-04-17 22:26:24,359 - INFO - Adding job tentatively -- it will be properly scheduled when the scheduler starts
2025-04-17 22:26:24,360 - INFO - Scheduled daily compliment jobs
2025-04-17 22:26:24,367 - INFO - Added job "ComplimentScheduler.send_compliments" to job store "default"
2025-04-17 22:26:24,368 - INFO - Added job "ComplimentScheduler.send_compliments" to job store "default"
2025-04-17 22:26:24,369 - INFO - Added job "ComplimentScheduler.send_compliments" to job store "default"
2025-04-17 22:26:24,371 - INFO - Scheduler started
2025-04-17 22:26:24,373 - INFO - Compliment scheduler started
2025-04-17 22:26:24,377 - INFO - Бот запущен и готов к работе
2025-04-17 22:26:24,393 - INFO - Health check: 2 users, 44 compliments available
2025-04-17 22:26:37,768 - INFO - User 7522466558 added/updated
2025-04-17 22:26:37,769 - INFO - User 7522466558 subscription set to True
2025-04-17 22:26:40,910 - ERROR - Infinity polling exception: name 'types' is not defined
2025-04-17 22:26:40,911 - ERROR - Exception traceback:
Traceback (most recent call last):
  File "C:\Users\mokun\PycharmProjects\TelegramBot\.venv\Lib\site-packages\telebot\__init__.py", line 1110, in infinity_polling
    self.polling(non_stop=True, timeout=timeout, long_polling_timeout=long_polling_timeout,
  File "C:\Users\mokun\PycharmProjects\TelegramBot\.venv\Lib\site-packages\telebot\__init__.py", line 1198, in polling
    self.__threaded_polling(non_stop=non_stop, interval=interval, timeout=timeout, long_polling_timeout=long_polling_timeout,
  File "C:\Users\mokun\PycharmProjects\TelegramBot\.venv\Lib\site-packages\telebot\__init__.py", line 1273, in __threaded_polling
    raise e
  File "C:\Users\mokun\PycharmProjects\TelegramBot\.venv\Lib\site-packages\telebot\__init__.py", line 1235, in __threaded_polling
    self.worker_pool.raise_exceptions()
  File "C:\Users\mokun\PycharmProjects\TelegramBot\.venv\Lib\site-packages\telebot\util.py", line 150, in raise_exceptions
    raise self.exception_info
  File "C:\Users\mokun\PycharmProjects\TelegramBot\.venv\Lib\site-packages\telebot\util.py", line 93, in run
    task(*args, **kwargs)
  File "C:\Users\mokun\PycharmProjects\TelegramBot\.venv\Lib\site-packages\telebot\__init__.py", line 9233, in _run_middlewares_and_handler
    result = handler['function'](message)
             ^^^^^^^^^^^^^^^^^^^^^^^^^^^^
  File "C:\Users\mokun\PycharmProjects\TelegramBot\.venv\decorators.py", line 9, in wrapper
    return func(message, *args, **kwargs)
           ^^^^^^^^^^^^^^^^^^^^^^^^^^^^^^
  File "C:\Users\mokun\PycharmProjects\TelegramBot\.venv\handlers\user_commands.py", line 69, in subscribe_menu
    reply_markup=get_subscribe_keyboard()
                 ^^^^^^^^^^^^^^^^^^^^^^^^
  File "C:\Users\mokun\PycharmProjects\TelegramBot\.venv\handlers\user_commands.py", line 54, in get_subscribe_keyboard
    markup = types.ReplyKeyboardMarkup(row_width=2, resize_keyboard=True)
             ^^^^^
NameError: name 'types' is not defined

2025-04-17 22:27:39,160 - ERROR - Infinity polling: polling exited
2025-04-17 22:27:39,160 - ERROR - Break infinity polling
2025-04-17 22:27:39,161 - INFO - Scheduler has been shut down
2025-04-17 22:27:39,162 - INFO - Compliment scheduler stopped
2025-04-17 22:27:39,164 - INFO - Бот завершил работу
2025-04-17 22:27:40,315 - INFO - Database tables created/verified
2025-04-17 22:27:40,316 - INFO - Database initialized at data\bot_database.db
2025-04-17 22:27:40,902 - INFO - Restored 2 subscriptions
2025-04-17 22:27:40,903 - INFO - Adding job tentatively -- it will be properly scheduled when the scheduler starts
2025-04-17 22:27:40,903 - INFO - Adding job tentatively -- it will be properly scheduled when the scheduler starts
2025-04-17 22:27:40,903 - INFO - Adding job tentatively -- it will be properly scheduled when the scheduler starts
2025-04-17 22:27:40,903 - INFO - Scheduled daily compliment jobs
2025-04-17 22:27:40,905 - INFO - Added job "ComplimentScheduler.send_compliments" to job store "default"
2025-04-17 22:27:40,905 - INFO - Added job "ComplimentScheduler.send_compliments" to job store "default"
2025-04-17 22:27:40,905 - INFO - Added job "ComplimentScheduler.send_compliments" to job store "default"
2025-04-17 22:27:40,905 - INFO - Scheduler started
2025-04-17 22:27:40,906 - INFO - Compliment scheduler started
2025-04-17 22:27:40,906 - INFO - Бот запущен и готов к работе
2025-04-17 22:27:40,909 - INFO - Health check: 2 users, 44 compliments available
2025-04-17 22:27:59,466 - INFO - User 7522466558 subscription set to True
2025-04-17 22:28:35,605 - ERROR - Infinity polling: polling exited
2025-04-17 22:28:35,605 - ERROR - Break infinity polling
2025-04-17 22:28:35,605 - INFO - Scheduler has been shut down
2025-04-17 22:28:35,606 - INFO - Compliment scheduler stopped
2025-04-17 22:28:35,606 - INFO - Бот завершил работу
2025-04-17 22:28:36,367 - INFO - Database tables created/verified
2025-04-17 22:28:36,367 - INFO - Database initialized at data\bot_database.db
2025-04-17 22:28:36,719 - INFO - Restored 2 subscriptions
2025-04-17 22:28:36,721 - INFO - Adding job tentatively -- it will be properly scheduled when the scheduler starts
2025-04-17 22:28:36,722 - INFO - Adding job tentatively -- it will be properly scheduled when the scheduler starts
2025-04-17 22:28:36,724 - INFO - Adding job tentatively -- it will be properly scheduled when the scheduler starts
2025-04-17 22:28:36,724 - INFO - Scheduled daily compliment jobs
2025-04-17 22:28:36,731 - INFO - Added job "ComplimentScheduler.send_compliments" to job store "default"
2025-04-17 22:28:36,732 - INFO - Added job "ComplimentScheduler.send_compliments" to job store "default"
2025-04-17 22:28:36,733 - INFO - Added job "ComplimentScheduler.send_compliments" to job store "default"
2025-04-17 22:28:36,734 - INFO - Scheduler started
2025-04-17 22:28:36,736 - INFO - Compliment scheduler started
2025-04-17 22:28:36,738 - INFO - Бот запущен и готов к работе
2025-04-17 22:28:36,764 - INFO - Health check: 2 users, 44 compliments available
2025-04-17 22:28:41,462 - INFO - User 7522466558 subscription set to False
2025-04-17 22:28:44,990 - INFO - User 7522466558 subscription set to True
2025-04-17 22:33:36,718 - INFO - Health check: 2 users, 44 compliments available
2025-04-17 22:34:29,648 - ERROR - Infinity polling: polling exited
2025-04-17 22:34:29,649 - ERROR - Break infinity polling
2025-04-17 22:34:29,649 - INFO - Scheduler has been shut down
2025-04-17 22:34:29,650 - INFO - Compliment scheduler stopped
2025-04-17 22:34:29,650 - INFO - Бот завершил работу
2025-04-17 23:05:51,275 - INFO - Database tables created/verified
2025-04-17 23:05:51,275 - INFO - Database initialized at data\bot_database.db
2025-04-17 23:05:51,302 - INFO - Database connection closed
2025-04-17 23:06:25,229 - INFO - Database tables created/verified
2025-04-17 23:06:25,229 - INFO - Database initialized at data\bot_database.db
2025-04-17 23:06:25,479 - INFO - Database connection closed
2025-04-17 23:07:30,916 - INFO - Database tables created/verified
2025-04-17 23:07:30,916 - INFO - Database initialized at data\bot_database.db
2025-04-17 23:07:31,060 - INFO - Database connection closed
2025-04-17 23:08:40,266 - INFO - Database tables created/verified
2025-04-17 23:08:40,266 - INFO - Database initialized at data\bot_database.db
2025-04-17 23:08:40,636 - INFO - Restored 2 subscriptions
2025-04-17 23:08:40,638 - INFO - Adding job tentatively -- it will be properly scheduled when the scheduler starts
2025-04-17 23:08:40,640 - INFO - Adding job tentatively -- it will be properly scheduled when the scheduler starts
2025-04-17 23:08:40,641 - INFO - Adding job tentatively -- it will be properly scheduled when the scheduler starts
2025-04-17 23:08:40,641 - INFO - Scheduled daily compliment jobs
2025-04-17 23:08:40,647 - INFO - Added job "ComplimentScheduler.send_compliments" to job store "default"
2025-04-17 23:08:40,648 - INFO - Added job "ComplimentScheduler.send_compliments" to job store "default"
2025-04-17 23:08:40,648 - INFO - Added job "ComplimentScheduler.send_compliments" to job store "default"
2025-04-17 23:08:40,649 - INFO - Scheduler started
2025-04-17 23:08:40,650 - INFO - Compliment scheduler started
2025-04-17 23:08:40,652 - INFO - Бот запущен и готов к работе
2025-04-17 23:08:40,671 - INFO - Health check: 2 users, 44 compliments available
2025-04-17 23:08:56,344 - INFO - User 7522466558 added/updated
2025-04-17 23:08:56,347 - INFO - User 7522466558 subscription set to True
2025-04-17 23:09:14,385 - ERROR - Infinity polling: polling exited
2025-04-17 23:09:14,385 - ERROR - Break infinity polling
2025-04-17 23:09:14,385 - INFO - Scheduler has been shut down
2025-04-17 23:09:14,385 - INFO - Compliment scheduler stopped
2025-04-17 23:09:14,385 - INFO - Бот завершил работу
2025-04-17 23:09:46,487 - INFO - Database tables created/verified
2025-04-17 23:09:46,487 - INFO - Database initialized at data\bot_database.db
2025-04-17 23:09:46,917 - INFO - Restored 2 subscriptions
2025-04-17 23:09:46,919 - INFO - Adding job tentatively -- it will be properly scheduled when the scheduler starts
2025-04-17 23:09:46,920 - INFO - Adding job tentatively -- it will be properly scheduled when the scheduler starts
2025-04-17 23:09:46,922 - INFO - Adding job tentatively -- it will be properly scheduled when the scheduler starts
2025-04-17 23:09:46,922 - INFO - Scheduled daily compliment jobs
2025-04-17 23:09:46,928 - INFO - Added job "ComplimentScheduler.send_compliments" to job store "default"
2025-04-17 23:09:46,930 - INFO - Added job "ComplimentScheduler.send_compliments" to job store "default"
2025-04-17 23:09:46,931 - INFO - Added job "ComplimentScheduler.send_compliments" to job store "default"
2025-04-17 23:09:46,932 - INFO - Scheduler started
2025-04-17 23:09:46,934 - INFO - Compliment scheduler started
2025-04-17 23:09:46,936 - INFO - Бот запущен и готов к работе
2025-04-17 23:09:46,952 - INFO - Health check: 2 users, 44 compliments available
2025-04-17 23:09:57,740 - INFO - User 7522466558 added/updated
2025-04-17 23:09:57,743 - INFO - User 7522466558 subscription set to True
2025-04-17 23:10:01,254 - ERROR - Infinity polling exception: name 'get_wishlist_keyboard' is not defined
2025-04-17 23:10:01,259 - ERROR - Exception traceback:
Traceback (most recent call last):
  File "C:\Users\mokun\PycharmProjects\TelegramBot\.venv\Lib\site-packages\telebot\__init__.py", line 1110, in infinity_polling
    self.polling(non_stop=True, timeout=timeout, long_polling_timeout=long_polling_timeout,
  File "C:\Users\mokun\PycharmProjects\TelegramBot\.venv\Lib\site-packages\telebot\__init__.py", line 1198, in polling
    self.__threaded_polling(non_stop=non_stop, interval=interval, timeout=timeout, long_polling_timeout=long_polling_timeout,
  File "C:\Users\mokun\PycharmProjects\TelegramBot\.venv\Lib\site-packages\telebot\__init__.py", line 1273, in __threaded_polling
    raise e
  File "C:\Users\mokun\PycharmProjects\TelegramBot\.venv\Lib\site-packages\telebot\__init__.py", line 1235, in __threaded_polling
    self.worker_pool.raise_exceptions()
  File "C:\Users\mokun\PycharmProjects\TelegramBot\.venv\Lib\site-packages\telebot\util.py", line 150, in raise_exceptions
    raise self.exception_info
  File "C:\Users\mokun\PycharmProjects\TelegramBot\.venv\Lib\site-packages\telebot\util.py", line 93, in run
    task(*args, **kwargs)
  File "C:\Users\mokun\PycharmProjects\TelegramBot\.venv\Lib\site-packages\telebot\__init__.py", line 9233, in _run_middlewares_and_handler
    result = handler['function'](message)
             ^^^^^^^^^^^^^^^^^^^^^^^^^^^^
  File "C:\Users\mokun\PycharmProjects\TelegramBot\.venv\decorators.py", line 9, in wrapper
    return func(message, *args, **kwargs)
           ^^^^^^^^^^^^^^^^^^^^^^^^^^^^^^
  File "C:\Users\mokun\PycharmProjects\TelegramBot\.venv\handlers\user_commands.py", line 184, in show_my_wishes_handler
    reply_markup=get_wishlist_keyboard())
                 ^^^^^^^^^^^^^^^^^^^^^
NameError: name 'get_wishlist_keyboard' is not defined

2025-04-17 23:11:08,169 - ERROR - Infinity polling exception: 'name'
2025-04-17 23:11:08,172 - ERROR - Exception traceback:
Traceback (most recent call last):
  File "C:\Users\mokun\PycharmProjects\TelegramBot\.venv\Lib\site-packages\telebot\__init__.py", line 1110, in infinity_polling
    self.polling(non_stop=True, timeout=timeout, long_polling_timeout=long_polling_timeout,
  File "C:\Users\mokun\PycharmProjects\TelegramBot\.venv\Lib\site-packages\telebot\__init__.py", line 1198, in polling
    self.__threaded_polling(non_stop=non_stop, interval=interval, timeout=timeout, long_polling_timeout=long_polling_timeout,
  File "C:\Users\mokun\PycharmProjects\TelegramBot\.venv\Lib\site-packages\telebot\__init__.py", line 1273, in __threaded_polling
    raise e
  File "C:\Users\mokun\PycharmProjects\TelegramBot\.venv\Lib\site-packages\telebot\__init__.py", line 1235, in __threaded_polling
    self.worker_pool.raise_exceptions()
  File "C:\Users\mokun\PycharmProjects\TelegramBot\.venv\Lib\site-packages\telebot\util.py", line 150, in raise_exceptions
    raise self.exception_info
  File "C:\Users\mokun\PycharmProjects\TelegramBot\.venv\Lib\site-packages\telebot\util.py", line 93, in run
    task(*args, **kwargs)
  File "C:\Users\mokun\PycharmProjects\TelegramBot\.venv\Lib\site-packages\telebot\__init__.py", line 9233, in _run_middlewares_and_handler
    result = handler['function'](message)
             ^^^^^^^^^^^^^^^^^^^^^^^^^^^^
  File "C:\Users\mokun\PycharmProjects\TelegramBot\.venv\handlers\user_commands.py", line 150, in get_weather
    city = data["name"]
           ~~~~^^^^^^^^
KeyError: 'name'

2025-04-17 23:11:11,791 - ERROR - Infinity polling exception: name 'get_wishlist_keyboard' is not defined
2025-04-17 23:11:11,796 - ERROR - Exception traceback:
Traceback (most recent call last):
  File "C:\Users\mokun\PycharmProjects\TelegramBot\.venv\Lib\site-packages\telebot\__init__.py", line 1110, in infinity_polling
    self.polling(non_stop=True, timeout=timeout, long_polling_timeout=long_polling_timeout,
  File "C:\Users\mokun\PycharmProjects\TelegramBot\.venv\Lib\site-packages\telebot\__init__.py", line 1198, in polling
    self.__threaded_polling(non_stop=non_stop, interval=interval, timeout=timeout, long_polling_timeout=long_polling_timeout,
  File "C:\Users\mokun\PycharmProjects\TelegramBot\.venv\Lib\site-packages\telebot\__init__.py", line 1273, in __threaded_polling
    raise e
  File "C:\Users\mokun\PycharmProjects\TelegramBot\.venv\Lib\site-packages\telebot\__init__.py", line 1235, in __threaded_polling
    self.worker_pool.raise_exceptions()
  File "C:\Users\mokun\PycharmProjects\TelegramBot\.venv\Lib\site-packages\telebot\util.py", line 150, in raise_exceptions
    raise self.exception_info
  File "C:\Users\mokun\PycharmProjects\TelegramBot\.venv\Lib\site-packages\telebot\util.py", line 93, in run
    task(*args, **kwargs)
  File "C:\Users\mokun\PycharmProjects\TelegramBot\.venv\Lib\site-packages\telebot\__init__.py", line 9233, in _run_middlewares_and_handler
    result = handler['function'](message)
             ^^^^^^^^^^^^^^^^^^^^^^^^^^^^
  File "C:\Users\mokun\PycharmProjects\TelegramBot\.venv\decorators.py", line 9, in wrapper
    return func(message, *args, **kwargs)
           ^^^^^^^^^^^^^^^^^^^^^^^^^^^^^^
  File "C:\Users\mokun\PycharmProjects\TelegramBot\.venv\handlers\user_commands.py", line 184, in show_my_wishes_handler
    reply_markup=get_wishlist_keyboard())
                 ^^^^^^^^^^^^^^^^^^^^^
NameError: name 'get_wishlist_keyboard' is not defined

2025-04-17 23:11:23,828 - ERROR - Infinity polling: polling exited
2025-04-17 23:11:23,828 - ERROR - Break infinity polling
2025-04-17 23:11:23,829 - INFO - Scheduler has been shut down
2025-04-17 23:11:23,830 - INFO - Compliment scheduler stopped
2025-04-17 23:11:23,830 - INFO - Бот завершил работу
2025-04-17 23:11:24,514 - INFO - Database tables created/verified
2025-04-17 23:11:24,515 - INFO - Database initialized at data\bot_database.db
2025-04-17 23:11:24,968 - INFO - Restored 2 subscriptions
2025-04-17 23:11:24,969 - INFO - Adding job tentatively -- it will be properly scheduled when the scheduler starts
2025-04-17 23:11:24,969 - INFO - Adding job tentatively -- it will be properly scheduled when the scheduler starts
2025-04-17 23:11:24,970 - INFO - Adding job tentatively -- it will be properly scheduled when the scheduler starts
2025-04-17 23:11:24,970 - INFO - Scheduled daily compliment jobs
2025-04-17 23:11:24,971 - INFO - Added job "ComplimentScheduler.send_compliments" to job store "default"
2025-04-17 23:11:24,971 - INFO - Added job "ComplimentScheduler.send_compliments" to job store "default"
2025-04-17 23:11:24,972 - INFO - Added job "ComplimentScheduler.send_compliments" to job store "default"
2025-04-17 23:11:24,972 - INFO - Scheduler started
2025-04-17 23:11:24,972 - INFO - Compliment scheduler started
2025-04-17 23:11:24,972 - INFO - Бот запущен и готов к работе
2025-04-17 23:11:24,977 - INFO - Health check: 2 users, 44 compliments available
2025-04-17 23:11:26,586 - ERROR - Infinity polling exception: 'name'
2025-04-17 23:11:26,588 - ERROR - Exception traceback:
Traceback (most recent call last):
  File "C:\Users\mokun\PycharmProjects\TelegramBot\.venv\Lib\site-packages\telebot\__init__.py", line 1110, in infinity_polling
    self.polling(non_stop=True, timeout=timeout, long_polling_timeout=long_polling_timeout,
  File "C:\Users\mokun\PycharmProjects\TelegramBot\.venv\Lib\site-packages\telebot\__init__.py", line 1198, in polling
    self.__threaded_polling(non_stop=non_stop, interval=interval, timeout=timeout, long_polling_timeout=long_polling_timeout,
  File "C:\Users\mokun\PycharmProjects\TelegramBot\.venv\Lib\site-packages\telebot\__init__.py", line 1273, in __threaded_polling
    raise e
  File "C:\Users\mokun\PycharmProjects\TelegramBot\.venv\Lib\site-packages\telebot\__init__.py", line 1235, in __threaded_polling
    self.worker_pool.raise_exceptions()
  File "C:\Users\mokun\PycharmProjects\TelegramBot\.venv\Lib\site-packages\telebot\util.py", line 150, in raise_exceptions
    raise self.exception_info
  File "C:\Users\mokun\PycharmProjects\TelegramBot\.venv\Lib\site-packages\telebot\util.py", line 93, in run
    task(*args, **kwargs)
  File "C:\Users\mokun\PycharmProjects\TelegramBot\.venv\Lib\site-packages\telebot\__init__.py", line 9233, in _run_middlewares_and_handler
    result = handler['function'](message)
             ^^^^^^^^^^^^^^^^^^^^^^^^^^^^
  File "C:\Users\mokun\PycharmProjects\TelegramBot\.venv\handlers\user_commands.py", line 150, in get_weather
    city = data["name"]
           ~~~~^^^^^^^^
KeyError: 'name'

2025-04-17 23:11:47,622 - ERROR - Infinity polling: polling exited
2025-04-17 23:11:47,623 - ERROR - Break infinity polling
2025-04-17 23:11:47,623 - INFO - Scheduler has been shut down
2025-04-17 23:11:47,624 - INFO - Compliment scheduler stopped
2025-04-17 23:11:47,625 - INFO - Бот завершил работу
2025-04-17 23:19:18,961 - INFO - Database tables created/verified
2025-04-17 23:19:18,961 - INFO - Database initialized at data\bot_database.db
2025-04-17 23:19:19,358 - INFO - Restored 2 subscriptions
2025-04-17 23:19:19,361 - INFO - Adding job tentatively -- it will be properly scheduled when the scheduler starts
2025-04-17 23:19:19,363 - INFO - Adding job tentatively -- it will be properly scheduled when the scheduler starts
2025-04-17 23:19:19,364 - INFO - Adding job tentatively -- it will be properly scheduled when the scheduler starts
2025-04-17 23:19:19,364 - INFO - Scheduled daily compliment jobs
2025-04-17 23:19:19,372 - INFO - Added job "ComplimentScheduler.send_compliments" to job store "default"
2025-04-17 23:19:19,374 - INFO - Added job "ComplimentScheduler.send_compliments" to job store "default"
2025-04-17 23:19:19,375 - INFO - Added job "ComplimentScheduler.send_compliments" to job store "default"
2025-04-17 23:19:19,376 - INFO - Scheduler started
2025-04-17 23:19:19,378 - INFO - Compliment scheduler started
2025-04-17 23:19:19,380 - INFO - Бот запущен и готов к работе
2025-04-17 23:19:19,399 - INFO - Health check: 2 users, 44 compliments available
2025-04-17 23:19:32,835 - INFO - User 7522466558 added/updated
2025-04-17 23:19:32,838 - INFO - User 7522466558 subscription set to True
2025-04-17 23:19:38,557 - ERROR - Infinity polling exception: name 'logging' is not defined
2025-04-17 23:19:38,562 - ERROR - Exception traceback:
Traceback (most recent call last):
  File "C:\Users\mokun\PycharmProjects\TelegramBot\.venv\handlers\user_commands.py", line 159, in process_weather_request
    weather_data = get_weather_data(city)
                   ^^^^^^^^^^^^^^^^^^^^^^
  File "C:\Users\mokun\PycharmProjects\TelegramBot\.venv\handlers\user_commands.py", line 179, in get_weather_data
    'appid': OPENWEATHER_API_KEY,
             ^^^^^^^^^^^^^^^^^^^
NameError: name 'OPENWEATHER_API_KEY' is not defined

During handling of the above exception, another exception occurred:

Traceback (most recent call last):
  File "C:\Users\mokun\PycharmProjects\TelegramBot\.venv\Lib\site-packages\telebot\__init__.py", line 1110, in infinity_polling
    self.polling(non_stop=True, timeout=timeout, long_polling_timeout=long_polling_timeout,
  File "C:\Users\mokun\PycharmProjects\TelegramBot\.venv\Lib\site-packages\telebot\__init__.py", line 1198, in polling
    self.__threaded_polling(non_stop=non_stop, interval=interval, timeout=timeout, long_polling_timeout=long_polling_timeout,
  File "C:\Users\mokun\PycharmProjects\TelegramBot\.venv\Lib\site-packages\telebot\__init__.py", line 1273, in __threaded_polling
    raise e
  File "C:\Users\mokun\PycharmProjects\TelegramBot\.venv\Lib\site-packages\telebot\__init__.py", line 1235, in __threaded_polling
    self.worker_pool.raise_exceptions()
  File "C:\Users\mokun\PycharmProjects\TelegramBot\.venv\Lib\site-packages\telebot\util.py", line 150, in raise_exceptions
    raise self.exception_info
  File "C:\Users\mokun\PycharmProjects\TelegramBot\.venv\Lib\site-packages\telebot\util.py", line 93, in run
    task(*args, **kwargs)
  File "C:\Users\mokun\PycharmProjects\TelegramBot\.venv\Lib\site-packages\telebot\__init__.py", line 9233, in _run_middlewares_and_handler
    result = handler['function'](message)
             ^^^^^^^^^^^^^^^^^^^^^^^^^^^^
  File "C:\Users\mokun\PycharmProjects\TelegramBot\.venv\decorators.py", line 9, in wrapper
    return func(message, *args, **kwargs)
           ^^^^^^^^^^^^^^^^^^^^^^^^^^^^^^
  File "C:\Users\mokun\PycharmProjects\TelegramBot\.venv\handlers\user_commands.py", line 154, in handle_city_selection
    process_weather_request(message)
  File "C:\Users\mokun\PycharmProjects\TelegramBot\.venv\handlers\user_commands.py", line 168, in process_weather_request
    logging.error(f"Weather error: {e}")
    ^^^^^^^
NameError: name 'logging' is not defined

2025-04-17 23:19:59,604 - ERROR - Infinity polling: polling exited
2025-04-17 23:19:59,605 - ERROR - Break infinity polling
2025-04-17 23:19:59,606 - INFO - Scheduler has been shut down
2025-04-17 23:19:59,606 - INFO - Compliment scheduler stopped
2025-04-17 23:19:59,606 - INFO - Бот завершил работу
2025-04-17 23:20:39,627 - INFO - Database tables created/verified
2025-04-17 23:20:39,627 - INFO - Database initialized at data\bot_database.db
2025-04-17 23:20:39,950 - INFO - Restored 2 subscriptions
2025-04-17 23:20:39,951 - INFO - Adding job tentatively -- it will be properly scheduled when the scheduler starts
2025-04-17 23:20:39,951 - INFO - Adding job tentatively -- it will be properly scheduled when the scheduler starts
2025-04-17 23:20:39,952 - INFO - Adding job tentatively -- it will be properly scheduled when the scheduler starts
2025-04-17 23:20:39,952 - INFO - Scheduled daily compliment jobs
2025-04-17 23:20:39,954 - INFO - Added job "ComplimentScheduler.send_compliments" to job store "default"
2025-04-17 23:20:39,954 - INFO - Added job "ComplimentScheduler.send_compliments" to job store "default"
2025-04-17 23:20:39,954 - INFO - Added job "ComplimentScheduler.send_compliments" to job store "default"
2025-04-17 23:20:39,954 - INFO - Scheduler started
2025-04-17 23:20:39,955 - INFO - Compliment scheduler started
2025-04-17 23:20:39,956 - INFO - Бот запущен и готов к работе
2025-04-17 23:20:39,960 - INFO - Health check: 2 users, 44 compliments available
2025-04-17 23:23:37,079 - ERROR - Infinity polling: polling exited
2025-04-17 23:23:37,080 - ERROR - Break infinity polling
2025-04-17 23:23:37,081 - INFO - Scheduler has been shut down
2025-04-17 23:23:37,082 - INFO - Compliment scheduler stopped
2025-04-17 23:23:37,083 - INFO - Бот завершил работу
2025-04-17 23:23:38,201 - INFO - Database tables created/verified
2025-04-17 23:23:38,201 - INFO - Database initialized at data\bot_database.db
2025-04-17 23:23:38,537 - INFO - Restored 2 subscriptions
2025-04-17 23:23:38,540 - INFO - Adding job tentatively -- it will be properly scheduled when the scheduler starts
2025-04-17 23:23:38,542 - INFO - Adding job tentatively -- it will be properly scheduled when the scheduler starts
2025-04-17 23:23:38,543 - INFO - Adding job tentatively -- it will be properly scheduled when the scheduler starts
2025-04-17 23:23:38,544 - INFO - Scheduled daily compliment jobs
2025-04-17 23:23:38,551 - INFO - Added job "ComplimentScheduler.send_compliments" to job store "default"
2025-04-17 23:23:38,554 - INFO - Added job "ComplimentScheduler.send_compliments" to job store "default"
2025-04-17 23:23:38,555 - INFO - Added job "ComplimentScheduler.send_compliments" to job store "default"
2025-04-17 23:23:38,556 - INFO - Scheduler started
2025-04-17 23:23:38,559 - INFO - Compliment scheduler started
2025-04-17 23:23:38,562 - INFO - Бот запущен и готов к работе
2025-04-17 23:23:38,587 - INFO - Health check: 2 users, 44 compliments available
2025-04-17 23:23:40,146 - ERROR - Infinity polling exception: name 'OPENWEATHER_API_KEY' is not defined
2025-04-17 23:23:40,150 - ERROR - Exception traceback:
Traceback (most recent call last):
  File "C:\Users\mokun\PycharmProjects\TelegramBot\.venv\Lib\site-packages\telebot\__init__.py", line 1110, in infinity_polling
    self.polling(non_stop=True, timeout=timeout, long_polling_timeout=long_polling_timeout,
  File "C:\Users\mokun\PycharmProjects\TelegramBot\.venv\Lib\site-packages\telebot\__init__.py", line 1198, in polling
    self.__threaded_polling(non_stop=non_stop, interval=interval, timeout=timeout, long_polling_timeout=long_polling_timeout,
  File "C:\Users\mokun\PycharmProjects\TelegramBot\.venv\Lib\site-packages\telebot\__init__.py", line 1273, in __threaded_polling
    raise e
  File "C:\Users\mokun\PycharmProjects\TelegramBot\.venv\Lib\site-packages\telebot\__init__.py", line 1235, in __threaded_polling
    self.worker_pool.raise_exceptions()
  File "C:\Users\mokun\PycharmProjects\TelegramBot\.venv\Lib\site-packages\telebot\util.py", line 150, in raise_exceptions
    raise self.exception_info
  File "C:\Users\mokun\PycharmProjects\TelegramBot\.venv\Lib\site-packages\telebot\util.py", line 93, in run
    task(*args, **kwargs)
  File "C:\Users\mokun\PycharmProjects\TelegramBot\.venv\Lib\site-packages\telebot\__init__.py", line 9233, in _run_middlewares_and_handler
    result = handler['function'](message)
             ^^^^^^^^^^^^^^^^^^^^^^^^^^^^
  File "C:\Users\mokun\PycharmProjects\TelegramBot\.venv\decorators.py", line 9, in wrapper
    return func(message, *args, **kwargs)
           ^^^^^^^^^^^^^^^^^^^^^^^^^^^^^^
  File "C:\Users\mokun\PycharmProjects\TelegramBot\.venv\handlers\user_commands.py", line 154, in handle_city_selection
    process_weather_request(message)
  File "C:\Users\mokun\PycharmProjects\TelegramBot\.venv\handlers\user_commands.py", line 159, in process_weather_request
    weather_data = get_weather_data(city)
                   ^^^^^^^^^^^^^^^^^^^^^^
  File "C:\Users\mokun\PycharmProjects\TelegramBot\.venv\handlers\user_commands.py", line 179, in get_weather_data
    'appid': OPENWEATHER_API_KEY,
             ^^^^^^^^^^^^^^^^^^^
NameError: name 'OPENWEATHER_API_KEY' is not defined

2025-04-17 23:23:46,171 - ERROR - Infinity polling: polling exited
2025-04-17 23:23:46,171 - ERROR - Break infinity polling
2025-04-17 23:23:46,172 - INFO - Scheduler has been shut down
2025-04-17 23:23:46,172 - INFO - Compliment scheduler stopped
2025-04-17 23:23:46,172 - INFO - Бот завершил работу
2025-04-17 23:25:38,339 - INFO - Database tables created/verified
2025-04-17 23:25:38,339 - INFO - Database initialized at data\bot_database.db
2025-04-17 23:25:38,666 - INFO - Restored 2 subscriptions
2025-04-17 23:25:38,670 - INFO - Adding job tentatively -- it will be properly scheduled when the scheduler starts
2025-04-17 23:25:38,671 - INFO - Adding job tentatively -- it will be properly scheduled when the scheduler starts
2025-04-17 23:25:38,672 - INFO - Adding job tentatively -- it will be properly scheduled when the scheduler starts
2025-04-17 23:25:38,673 - INFO - Scheduled daily compliment jobs
2025-04-17 23:25:38,679 - INFO - Added job "ComplimentScheduler.send_compliments" to job store "default"
2025-04-17 23:25:38,681 - INFO - Added job "ComplimentScheduler.send_compliments" to job store "default"
2025-04-17 23:25:38,682 - INFO - Added job "ComplimentScheduler.send_compliments" to job store "default"
2025-04-17 23:25:38,682 - INFO - Scheduler started
2025-04-17 23:25:38,685 - INFO - Compliment scheduler started
2025-04-17 23:25:38,689 - INFO - Бот запущен и готов к работе
2025-04-17 23:25:38,715 - INFO - Health check: 2 users, 44 compliments available
2025-04-17 23:25:40,550 - ERROR - Infinity polling exception: name 'weather' is not defined
2025-04-17 23:25:40,552 - ERROR - Exception traceback:
Traceback (most recent call last):
  File "C:\Users\mokun\PycharmProjects\TelegramBot\.venv\Lib\site-packages\telebot\__init__.py", line 1110, in infinity_polling
    self.polling(non_stop=True, timeout=timeout, long_polling_timeout=long_polling_timeout,
  File "C:\Users\mokun\PycharmProjects\TelegramBot\.venv\Lib\site-packages\telebot\__init__.py", line 1198, in polling
    self.__threaded_polling(non_stop=non_stop, interval=interval, timeout=timeout, long_polling_timeout=long_polling_timeout,
  File "C:\Users\mokun\PycharmProjects\TelegramBot\.venv\Lib\site-packages\telebot\__init__.py", line 1273, in __threaded_polling
    raise e
  File "C:\Users\mokun\PycharmProjects\TelegramBot\.venv\Lib\site-packages\telebot\__init__.py", line 1235, in __threaded_polling
    self.worker_pool.raise_exceptions()
  File "C:\Users\mokun\PycharmProjects\TelegramBot\.venv\Lib\site-packages\telebot\util.py", line 150, in raise_exceptions
    raise self.exception_info
  File "C:\Users\mokun\PycharmProjects\TelegramBot\.venv\Lib\site-packages\telebot\util.py", line 93, in run
    task(*args, **kwargs)
  File "C:\Users\mokun\PycharmProjects\TelegramBot\.venv\Lib\site-packages\telebot\__init__.py", line 9233, in _run_middlewares_and_handler
    result = handler['function'](message)
             ^^^^^^^^^^^^^^^^^^^^^^^^^^^^
  File "C:\Users\mokun\PycharmProjects\TelegramBot\.venv\decorators.py", line 9, in wrapper
    return func(message, *args, **kwargs)
           ^^^^^^^^^^^^^^^^^^^^^^^^^^^^^^
  File "C:\Users\mokun\PycharmProjects\TelegramBot\.venv\handlers\user_commands.py", line 154, in handle_city_selection
    process_weather_request(message)
  File "C:\Users\mokun\PycharmProjects\TelegramBot\.venv\handlers\user_commands.py", line 159, in process_weather_request
    weather_data = get_weather_data(city)
                   ^^^^^^^^^^^^^^^^^^^^^^
  File "C:\Users\mokun\PycharmProjects\TelegramBot\.venv\handlers\user_commands.py", line 176, in get_weather_data
    base_url = weather
               ^^^^^^^
NameError: name 'weather' is not defined

2025-04-17 23:25:46,568 - ERROR - Infinity polling: polling exited
2025-04-17 23:25:46,568 - ERROR - Break infinity polling
2025-04-17 23:25:46,569 - INFO - Scheduler has been shut down
2025-04-17 23:25:46,569 - INFO - Compliment scheduler stopped
2025-04-17 23:25:46,570 - INFO - Бот завершил работу
2025-04-17 23:26:19,974 - INFO - Database tables created/verified
2025-04-17 23:26:19,975 - INFO - Database initialized at data\bot_database.db
2025-04-17 23:26:20,341 - INFO - Restored 2 subscriptions
2025-04-17 23:26:20,344 - INFO - Adding job tentatively -- it will be properly scheduled when the scheduler starts
2025-04-17 23:26:20,344 - INFO - Adding job tentatively -- it will be properly scheduled when the scheduler starts
2025-04-17 23:26:20,345 - INFO - Adding job tentatively -- it will be properly scheduled when the scheduler starts
2025-04-17 23:26:20,347 - INFO - Scheduled daily compliment jobs
2025-04-17 23:26:20,352 - INFO - Added job "ComplimentScheduler.send_compliments" to job store "default"
2025-04-17 23:26:20,353 - INFO - Added job "ComplimentScheduler.send_compliments" to job store "default"
2025-04-17 23:26:20,354 - INFO - Added job "ComplimentScheduler.send_compliments" to job store "default"
2025-04-17 23:26:20,355 - INFO - Scheduler started
2025-04-17 23:26:20,357 - INFO - Compliment scheduler started
2025-04-17 23:26:20,359 - INFO - Бот запущен и готов к работе
2025-04-17 23:26:20,376 - INFO - Health check: 2 users, 44 compliments available
2025-04-17 23:26:21,996 - ERROR - Infinity polling exception: module 'datetime' has no attribute 'fromtimestamp'
2025-04-17 23:26:31,095 - ERROR - Infinity polling: polling exited
2025-04-17 23:26:31,095 - ERROR - Break infinity polling
2025-04-17 23:26:31,095 - INFO - Scheduler has been shut down
2025-04-17 23:26:31,095 - INFO - Compliment scheduler stopped
2025-04-17 23:26:31,095 - INFO - Бот завершил работу
2025-04-17 23:30:38,402 - INFO - Database tables created/verified
2025-04-17 23:30:38,402 - INFO - Database initialized at data\bot_database.db
2025-04-17 23:30:38,831 - INFO - Restored 2 subscriptions
2025-04-17 23:30:38,833 - INFO - Adding job tentatively -- it will be properly scheduled when the scheduler starts
2025-04-17 23:30:38,834 - INFO - Adding job tentatively -- it will be properly scheduled when the scheduler starts
2025-04-17 23:30:38,835 - INFO - Adding job tentatively -- it will be properly scheduled when the scheduler starts
2025-04-17 23:30:38,836 - INFO - Scheduled daily compliment jobs
2025-04-17 23:30:38,839 - INFO - Added job "ComplimentScheduler.send_compliments" to job store "default"
2025-04-17 23:30:38,840 - INFO - Added job "ComplimentScheduler.send_compliments" to job store "default"
2025-04-17 23:30:38,840 - INFO - Added job "ComplimentScheduler.send_compliments" to job store "default"
2025-04-17 23:30:38,840 - INFO - Scheduler started
2025-04-17 23:30:38,841 - INFO - Compliment scheduler started
2025-04-17 23:30:38,842 - INFO - Бот запущен и готов к работе
2025-04-17 23:30:38,850 - INFO - Health check: 2 users, 44 compliments available
2025-04-18 22:02:35,497 - INFO - Database tables created/verified
2025-04-18 22:02:35,498 - INFO - Database initialized at data\bot_database.db
2025-04-18 22:02:35,903 - INFO - Restored 2 subscriptions
2025-04-18 22:02:35,905 - INFO - Adding job tentatively -- it will be properly scheduled when the scheduler starts
2025-04-18 22:02:35,906 - INFO - Adding job tentatively -- it will be properly scheduled when the scheduler starts
2025-04-18 22:02:35,907 - INFO - Adding job tentatively -- it will be properly scheduled when the scheduler starts
2025-04-18 22:02:35,908 - INFO - Scheduled daily compliment jobs
2025-04-18 22:02:35,915 - INFO - Added job "ComplimentScheduler.send_compliments" to job store "default"
2025-04-18 22:02:35,916 - INFO - Added job "ComplimentScheduler.send_compliments" to job store "default"
2025-04-18 22:02:35,917 - INFO - Added job "ComplimentScheduler.send_compliments" to job store "default"
2025-04-18 22:02:35,918 - INFO - Scheduler started
2025-04-18 22:02:35,920 - INFO - Compliment scheduler started
2025-04-18 22:02:35,923 - INFO - Бот запущен и готов к работе
2025-04-18 22:02:35,943 - INFO - Health check: 2 users, 44 compliments available
2025-04-18 22:02:48,710 - INFO - User 7522466558 added/updated
2025-04-18 22:02:48,715 - INFO - User 7522466558 subscription set to True
2025-04-18 22:03:16,843 - ERROR - Infinity polling: polling exited
2025-04-18 22:03:16,844 - ERROR - Break infinity polling
2025-04-18 22:03:16,845 - INFO - Scheduler has been shut down
2025-04-18 22:03:16,846 - INFO - Scheduler stopped
2025-04-18 22:03:16,847 - INFO - Бот завершил работу
2025-04-18 22:03:31,831 - INFO - Database tables created/verified
2025-04-18 22:03:31,831 - INFO - Database initialized at data\bot_database.db
2025-04-18 22:03:32,254 - INFO - Restored 2 subscriptions
2025-04-18 22:03:32,255 - INFO - Adding job tentatively -- it will be properly scheduled when the scheduler starts
2025-04-18 22:03:32,255 - INFO - Adding job tentatively -- it will be properly scheduled when the scheduler starts
2025-04-18 22:03:32,256 - INFO - Adding job tentatively -- it will be properly scheduled when the scheduler starts
2025-04-18 22:03:32,256 - INFO - Scheduled daily compliment jobs
2025-04-18 22:03:32,258 - INFO - Added job "ComplimentScheduler.send_compliments" to job store "default"
2025-04-18 22:03:32,258 - INFO - Added job "ComplimentScheduler.send_compliments" to job store "default"
2025-04-18 22:03:32,259 - INFO - Added job "ComplimentScheduler.send_compliments" to job store "default"
2025-04-18 22:03:32,259 - INFO - Scheduler started
2025-04-18 22:03:32,259 - INFO - Compliment scheduler started
2025-04-18 22:03:32,260 - INFO - Бот запущен и готов к работе
2025-04-18 22:03:32,266 - INFO - Health check: 2 users, 44 compliments available
2025-04-18 22:03:41,120 - INFO - User 7522466558 added/updated
2025-04-18 22:03:41,123 - INFO - User 7522466558 subscription set to True
2025-04-18 22:04:02,119 - ERROR - Infinity polling: polling exited
2025-04-18 22:04:02,119 - ERROR - Break infinity polling
2025-04-18 22:04:02,119 - INFO - Scheduler has been shut down
2025-04-18 22:04:02,119 - INFO - Scheduler stopped
2025-04-18 22:04:02,119 - INFO - Бот завершил работу
2025-04-18 22:05:55,336 - INFO - Database tables created/verified
2025-04-18 22:05:55,336 - INFO - Database initialized at data\bot_database.db
2025-04-18 22:05:55,700 - INFO - Restored 2 subscriptions
2025-04-18 22:05:55,703 - INFO - Adding job tentatively -- it will be properly scheduled when the scheduler starts
2025-04-18 22:05:55,704 - INFO - Adding job tentatively -- it will be properly scheduled when the scheduler starts
2025-04-18 22:05:55,705 - INFO - Adding job tentatively -- it will be properly scheduled when the scheduler starts
2025-04-18 22:05:55,706 - INFO - Scheduled daily compliment jobs
2025-04-18 22:05:55,714 - INFO - Added job "ComplimentScheduler.send_compliments" to job store "default"
2025-04-18 22:05:55,715 - INFO - Added job "ComplimentScheduler.send_compliments" to job store "default"
2025-04-18 22:05:55,717 - INFO - Added job "ComplimentScheduler.send_compliments" to job store "default"
2025-04-18 22:05:55,717 - INFO - Scheduler started
2025-04-18 22:05:55,719 - INFO - Compliment scheduler started
2025-04-18 22:05:55,721 - INFO - Бот запущен и готов к работе
2025-04-18 22:05:55,738 - INFO - Health check: 2 users, 44 compliments available
2025-04-18 22:07:34,110 - ERROR - Infinity polling: polling exited
2025-04-18 22:07:34,112 - ERROR - Break infinity polling
2025-04-18 22:07:34,113 - INFO - Scheduler has been shut down
2025-04-18 22:07:34,113 - INFO - Scheduler stopped
2025-04-18 22:07:34,113 - INFO - Бот завершил работу
2025-04-18 22:10:27,317 - INFO - Database tables created/verified
2025-04-18 22:10:27,318 - INFO - Database initialized at data\bot_database.db
2025-04-18 22:10:27,684 - INFO - Restored 2 subscriptions
2025-04-18 22:10:27,687 - INFO - Adding job tentatively -- it will be properly scheduled when the scheduler starts
2025-04-18 22:10:27,689 - INFO - Adding job tentatively -- it will be properly scheduled when the scheduler starts
2025-04-18 22:10:27,691 - INFO - Adding job tentatively -- it will be properly scheduled when the scheduler starts
2025-04-18 22:10:27,691 - INFO - Scheduled daily compliment jobs
2025-04-18 22:10:27,699 - INFO - Added job "ComplimentScheduler.send_compliments" to job store "default"
2025-04-18 22:10:27,700 - INFO - Added job "ComplimentScheduler.send_compliments" to job store "default"
2025-04-18 22:10:27,701 - INFO - Added job "ComplimentScheduler.send_compliments" to job store "default"
2025-04-18 22:10:27,702 - INFO - Scheduler started
2025-04-18 22:10:27,704 - INFO - Compliment scheduler started
2025-04-18 22:10:27,706 - INFO - Бот запущен и готов к работе
2025-04-18 22:10:27,724 - INFO - Health check: 2 users, 44 compliments available
2025-04-18 22:11:29,431 - ERROR - Infinity polling: polling exited
2025-04-18 22:11:29,431 - ERROR - Break infinity polling
2025-04-18 22:11:29,431 - INFO - Scheduler has been shut down
2025-04-18 22:11:29,431 - INFO - Scheduler stopped
2025-04-18 22:11:29,431 - INFO - Бот завершил работу
2025-04-18 22:12:05,215 - INFO - Database tables created/verified
2025-04-18 22:12:05,216 - INFO - Database initialized at data\bot_database.db
2025-04-18 22:12:05,545 - INFO - Restored 2 subscriptions
2025-04-18 22:12:05,547 - INFO - Adding job tentatively -- it will be properly scheduled when the scheduler starts
2025-04-18 22:12:05,549 - INFO - Adding job tentatively -- it will be properly scheduled when the scheduler starts
2025-04-18 22:12:05,550 - INFO - Adding job tentatively -- it will be properly scheduled when the scheduler starts
2025-04-18 22:12:05,550 - INFO - Scheduled daily compliment jobs
2025-04-18 22:12:05,557 - INFO - Added job "ComplimentScheduler.send_compliments" to job store "default"
2025-04-18 22:12:05,558 - INFO - Added job "ComplimentScheduler.send_compliments" to job store "default"
2025-04-18 22:12:05,559 - INFO - Added job "ComplimentScheduler.send_compliments" to job store "default"
2025-04-18 22:12:05,559 - INFO - Scheduler started
2025-04-18 22:12:05,561 - INFO - Compliment scheduler started
2025-04-18 22:12:05,563 - INFO - Бот запущен и готов к работе
2025-04-18 22:12:05,584 - INFO - Health check: 2 users, 44 compliments available
2025-04-18 22:12:28,774 - INFO - Database tables created/verified
2025-04-18 22:12:28,774 - INFO - Database initialized at data\bot_database.db
2025-04-18 22:12:29,162 - INFO - Restored 2 subscriptions
2025-04-18 22:12:29,164 - INFO - Adding job tentatively -- it will be properly scheduled when the scheduler starts
2025-04-18 22:12:29,166 - INFO - Adding job tentatively -- it will be properly scheduled when the scheduler starts
2025-04-18 22:12:29,168 - INFO - Adding job tentatively -- it will be properly scheduled when the scheduler starts
2025-04-18 22:12:29,168 - INFO - Scheduled daily compliment jobs
2025-04-18 22:12:29,175 - INFO - Added job "ComplimentScheduler.send_compliments" to job store "default"
2025-04-18 22:12:29,176 - INFO - Added job "ComplimentScheduler.send_compliments" to job store "default"
2025-04-18 22:12:29,177 - INFO - Added job "ComplimentScheduler.send_compliments" to job store "default"
2025-04-18 22:12:29,178 - INFO - Scheduler started
2025-04-18 22:12:29,179 - INFO - Compliment scheduler started
2025-04-18 22:12:29,181 - INFO - Бот запущен и готов к работе
2025-04-18 22:12:29,196 - INFO - Health check: 2 users, 44 compliments available
2025-04-18 22:12:39,441 - ERROR - Infinity polling: polling exited
2025-04-18 22:12:39,441 - ERROR - Break infinity polling
2025-04-18 22:12:39,441 - INFO - Scheduler has been shut down
2025-04-18 22:12:39,441 - INFO - Scheduler stopped
2025-04-18 22:12:39,441 - INFO - Бот завершил работу
2025-04-18 22:16:29,932 - INFO - Database tables created/verified
2025-04-18 22:16:29,932 - INFO - Database initialized at data\bot_database.db
2025-04-18 22:16:30,298 - INFO - Restored 2 subscriptions
2025-04-18 22:16:30,299 - INFO - Adding job tentatively -- it will be properly scheduled when the scheduler starts
2025-04-18 22:16:30,299 - INFO - Adding job tentatively -- it will be properly scheduled when the scheduler starts
2025-04-18 22:16:30,300 - INFO - Adding job tentatively -- it will be properly scheduled when the scheduler starts
2025-04-18 22:16:30,300 - INFO - Scheduled daily compliment jobs
2025-04-18 22:16:30,301 - INFO - Added job "ComplimentScheduler.send_compliments" to job store "default"
2025-04-18 22:16:30,303 - INFO - Added job "ComplimentScheduler.send_compliments" to job store "default"
2025-04-18 22:16:30,303 - INFO - Added job "ComplimentScheduler.send_compliments" to job store "default"
2025-04-18 22:16:30,303 - INFO - Scheduler started
2025-04-18 22:16:30,304 - INFO - Compliment scheduler started
2025-04-18 22:16:30,304 - INFO - Бот запущен и готов к работе
2025-04-18 22:16:30,309 - INFO - Health check: 2 users, 44 compliments available
2025-04-18 22:16:59,974 - ERROR - Infinity polling: polling exited
2025-04-18 22:16:59,974 - ERROR - Break infinity polling
2025-04-18 22:16:59,975 - INFO - Scheduler has been shut down
2025-04-18 22:16:59,975 - INFO - Scheduler stopped
2025-04-18 22:16:59,975 - INFO - Бот завершил работу
2025-04-18 22:17:37,330 - INFO - Database tables created/verified
2025-04-18 22:17:37,330 - INFO - Database initialized at data\bot_database.db
2025-04-18 22:17:37,630 - INFO - Restored 2 subscriptions
2025-04-18 22:17:37,633 - INFO - Adding job tentatively -- it will be properly scheduled when the scheduler starts
2025-04-18 22:17:37,635 - INFO - Adding job tentatively -- it will be properly scheduled when the scheduler starts
2025-04-18 22:17:37,636 - INFO - Adding job tentatively -- it will be properly scheduled when the scheduler starts
2025-04-18 22:17:37,637 - INFO - Scheduled daily compliment jobs
2025-04-18 22:17:37,642 - INFO - Added job "ComplimentScheduler.send_compliments" to job store "default"
2025-04-18 22:17:37,643 - INFO - Added job "ComplimentScheduler.send_compliments" to job store "default"
2025-04-18 22:17:37,645 - INFO - Added job "ComplimentScheduler.send_compliments" to job store "default"
2025-04-18 22:17:37,645 - INFO - Scheduler started
2025-04-18 22:17:37,650 - INFO - Compliment scheduler started
2025-04-18 22:17:37,652 - INFO - Бот запущен и готов к работе
2025-04-18 22:17:37,672 - INFO - Health check: 2 users, 44 compliments available
2025-04-18 22:17:46,412 - ERROR - Infinity polling: polling exited
2025-04-18 22:17:46,412 - ERROR - Break infinity polling
2025-04-18 22:17:46,413 - INFO - Scheduler has been shut down
2025-04-18 22:17:46,414 - INFO - Scheduler stopped
2025-04-18 22:17:46,415 - INFO - Бот завершил работу
2025-04-18 22:19:28,184 - INFO - Database tables created/verified
2025-04-18 22:19:28,184 - INFO - Database initialized at data\bot_database.db
2025-04-18 22:19:28,711 - INFO - Restored 2 subscriptions
2025-04-18 22:19:28,712 - INFO - Adding job tentatively -- it will be properly scheduled when the scheduler starts
2025-04-18 22:19:28,712 - INFO - Adding job tentatively -- it will be properly scheduled when the scheduler starts
2025-04-18 22:19:28,713 - INFO - Adding job tentatively -- it will be properly scheduled when the scheduler starts
2025-04-18 22:19:28,713 - INFO - Scheduled daily compliment jobs
2025-04-18 22:19:28,714 - INFO - Added job "ComplimentScheduler.send_compliments" to job store "default"
2025-04-18 22:19:28,715 - INFO - Added job "ComplimentScheduler.send_compliments" to job store "default"
2025-04-18 22:19:28,715 - INFO - Added job "ComplimentScheduler.send_compliments" to job store "default"
2025-04-18 22:19:28,715 - INFO - Scheduler started
2025-04-18 22:19:28,716 - INFO - Compliment scheduler started
2025-04-18 22:19:28,718 - INFO - Бот запущен и готов к работе
2025-04-18 22:19:28,724 - INFO - Health check: 2 users, 44 compliments available
2025-04-18 22:27:18,624 - INFO - Database tables created/verified
2025-04-18 22:27:18,624 - INFO - Database initialized at data\bot_database.db
2025-04-18 22:27:19,102 - INFO - Restored 2 subscriptions
2025-04-18 22:27:19,104 - INFO - Adding job tentatively -- it will be properly scheduled when the scheduler starts
2025-04-18 22:27:19,106 - INFO - Adding job tentatively -- it will be properly scheduled when the scheduler starts
2025-04-18 22:27:19,107 - INFO - Adding job tentatively -- it will be properly scheduled when the scheduler starts
2025-04-18 22:27:19,108 - INFO - Scheduled daily compliment jobs
2025-04-18 22:27:19,114 - INFO - Added job "ComplimentScheduler.send_compliments" to job store "default"
2025-04-18 22:27:19,116 - INFO - Added job "ComplimentScheduler.send_compliments" to job store "default"
2025-04-18 22:27:19,117 - INFO - Added job "ComplimentScheduler.send_compliments" to job store "default"
2025-04-18 22:27:19,118 - INFO - Scheduler started
2025-04-18 22:27:19,121 - INFO - Compliment scheduler started
2025-04-18 22:27:19,123 - INFO - Бот запущен и готов к работе
2025-04-18 22:27:19,142 - INFO - Health check: 2 users, 44 compliments available
2025-04-18 22:29:04,576 - ERROR - Infinity polling: polling exited
2025-04-18 22:29:04,577 - ERROR - Break infinity polling
2025-04-18 22:29:04,578 - INFO - Scheduler has been shut down
2025-04-18 22:29:04,579 - INFO - Scheduler stopped
2025-04-18 22:29:04,580 - INFO - Бот завершил работу
2025-04-18 22:29:05,394 - INFO - Database tables created/verified
2025-04-18 22:29:05,394 - INFO - Database initialized at data\bot_database.db
2025-04-18 22:29:05,796 - INFO - Restored 2 subscriptions
2025-04-18 22:29:05,799 - INFO - Adding job tentatively -- it will be properly scheduled when the scheduler starts
2025-04-18 22:29:05,801 - INFO - Adding job tentatively -- it will be properly scheduled when the scheduler starts
2025-04-18 22:29:05,802 - INFO - Adding job tentatively -- it will be properly scheduled when the scheduler starts
2025-04-18 22:29:05,802 - INFO - Scheduled daily compliment jobs
2025-04-18 22:29:05,808 - INFO - Added job "ComplimentScheduler.send_compliments" to job store "default"
2025-04-18 22:29:05,809 - INFO - Added job "ComplimentScheduler.send_compliments" to job store "default"
2025-04-18 22:29:05,811 - INFO - Added job "ComplimentScheduler.send_compliments" to job store "default"
2025-04-18 22:29:05,811 - INFO - Scheduler started
2025-04-18 22:29:05,814 - INFO - Compliment scheduler started
2025-04-18 22:29:05,817 - INFO - Бот запущен и готов к работе
2025-04-18 22:29:05,834 - INFO - Health check: 2 users, 44 compliments available
2025-04-18 22:31:14,921 - ERROR - Infinity polling: polling exited
2025-04-18 22:31:14,921 - ERROR - Break infinity polling
2025-04-18 22:31:14,921 - INFO - Scheduler has been shut down
2025-04-18 22:31:14,921 - INFO - Scheduler stopped
2025-04-18 22:31:14,921 - INFO - Бот завершил работу
2025-04-18 22:31:15,852 - INFO - Database tables created/verified
2025-04-18 22:31:15,852 - INFO - Database initialized at data\bot_database.db
2025-04-18 22:31:16,234 - INFO - Restored 2 subscriptions
2025-04-18 22:31:16,235 - INFO - Adding job tentatively -- it will be properly scheduled when the scheduler starts
2025-04-18 22:31:16,235 - INFO - Adding job tentatively -- it will be properly scheduled when the scheduler starts
2025-04-18 22:31:16,235 - INFO - Adding job tentatively -- it will be properly scheduled when the scheduler starts
2025-04-18 22:31:16,235 - INFO - Scheduled daily compliment jobs
2025-04-18 22:31:16,237 - INFO - Added job "ComplimentScheduler.send_compliments" to job store "default"
2025-04-18 22:31:16,238 - INFO - Added job "ComplimentScheduler.send_compliments" to job store "default"
2025-04-18 22:31:16,238 - INFO - Added job "ComplimentScheduler.send_compliments" to job store "default"
2025-04-18 22:31:16,238 - INFO - Scheduler started
2025-04-18 22:31:16,238 - INFO - Compliment scheduler started
2025-04-18 22:31:16,239 - INFO - Бот запущен и готов к работе
2025-04-18 22:31:16,246 - INFO - Health check: 2 users, 44 compliments available
2025-04-18 22:31:18,186 - ERROR - Infinity polling exception: name 'logging' is not defined
2025-04-18 22:31:18,188 - ERROR - Exception traceback:
Traceback (most recent call last):
  File "C:\Users\mokun\PycharmProjects\TelegramBot\.venv\handlers\user_commands.py", line 215, in handle_weather_command
    forecast = get_daily_forecast(WEATHER)
               ^^^^^^^^^^^^^^^^^^
NameError: name 'get_daily_forecast' is not defined

During handling of the above exception, another exception occurred:

Traceback (most recent call last):
  File "C:\Users\mokun\PycharmProjects\TelegramBot\.venv\Lib\site-packages\telebot\__init__.py", line 1110, in infinity_polling
    self.polling(non_stop=True, timeout=timeout, long_polling_timeout=long_polling_timeout,
  File "C:\Users\mokun\PycharmProjects\TelegramBot\.venv\Lib\site-packages\telebot\__init__.py", line 1198, in polling
    self.__threaded_polling(non_stop=non_stop, interval=interval, timeout=timeout, long_polling_timeout=long_polling_timeout,
  File "C:\Users\mokun\PycharmProjects\TelegramBot\.venv\Lib\site-packages\telebot\__init__.py", line 1273, in __threaded_polling
    raise e
  File "C:\Users\mokun\PycharmProjects\TelegramBot\.venv\Lib\site-packages\telebot\__init__.py", line 1235, in __threaded_polling
    self.worker_pool.raise_exceptions()
  File "C:\Users\mokun\PycharmProjects\TelegramBot\.venv\Lib\site-packages\telebot\util.py", line 150, in raise_exceptions
    raise self.exception_info
  File "C:\Users\mokun\PycharmProjects\TelegramBot\.venv\Lib\site-packages\telebot\util.py", line 93, in run
    task(*args, **kwargs)
  File "C:\Users\mokun\PycharmProjects\TelegramBot\.venv\Lib\site-packages\telebot\__init__.py", line 9233, in _run_middlewares_and_handler
    result = handler['function'](message)
             ^^^^^^^^^^^^^^^^^^^^^^^^^^^^
  File "C:\Users\mokun\PycharmProjects\TelegramBot\.venv\decorators.py", line 9, in wrapper
    return func(message, *args, **kwargs)
           ^^^^^^^^^^^^^^^^^^^^^^^^^^^^^^
  File "C:\Users\mokun\PycharmProjects\TelegramBot\.venv\handlers\user_commands.py", line 222, in handle_weather_command
    logging.error(f"Weather command failed: {str(e)}")
    ^^^^^^^
NameError: name 'logging' is not defined

2025-04-18 22:31:30,209 - ERROR - Infinity polling: polling exited
2025-04-18 22:31:30,210 - ERROR - Break infinity polling
2025-04-18 22:31:30,211 - INFO - Scheduler has been shut down
2025-04-18 22:31:30,212 - INFO - Scheduler stopped
2025-04-18 22:31:30,213 - INFO - Бот завершил работу
2025-04-18 22:31:48,815 - INFO - Database tables created/verified
2025-04-18 22:31:48,815 - INFO - Database initialized at data\bot_database.db
2025-04-18 22:31:49,132 - INFO - Restored 2 subscriptions
2025-04-18 22:31:49,133 - INFO - Adding job tentatively -- it will be properly scheduled when the scheduler starts
2025-04-18 22:31:49,133 - INFO - Adding job tentatively -- it will be properly scheduled when the scheduler starts
2025-04-18 22:31:49,133 - INFO - Adding job tentatively -- it will be properly scheduled when the scheduler starts
2025-04-18 22:31:49,133 - INFO - Scheduled daily compliment jobs
2025-04-18 22:31:49,135 - INFO - Added job "ComplimentScheduler.send_compliments" to job store "default"
2025-04-18 22:31:49,135 - INFO - Added job "ComplimentScheduler.send_compliments" to job store "default"
2025-04-18 22:31:49,135 - INFO - Added job "ComplimentScheduler.send_compliments" to job store "default"
2025-04-18 22:31:49,135 - INFO - Scheduler started
2025-04-18 22:31:49,136 - INFO - Compliment scheduler started
2025-04-18 22:31:49,136 - INFO - Бот запущен и готов к работе
2025-04-18 22:31:49,141 - INFO - Health check: 2 users, 44 compliments available
2025-04-18 22:32:58,606 - ERROR - Infinity polling: polling exited
2025-04-18 22:32:58,607 - ERROR - Break infinity polling
2025-04-18 22:32:58,609 - INFO - Scheduler has been shut down
2025-04-18 22:32:58,610 - INFO - Scheduler stopped
2025-04-18 22:32:58,611 - INFO - Бот завершил работу
2025-04-18 22:32:59,664 - INFO - Database tables created/verified
2025-04-18 22:32:59,664 - INFO - Database initialized at data\bot_database.db
2025-04-18 22:33:00,048 - INFO - Restored 2 subscriptions
2025-04-18 22:33:00,049 - INFO - Adding job tentatively -- it will be properly scheduled when the scheduler starts
2025-04-18 22:33:00,049 - INFO - Adding job tentatively -- it will be properly scheduled when the scheduler starts
2025-04-18 22:33:00,049 - INFO - Adding job tentatively -- it will be properly scheduled when the scheduler starts
2025-04-18 22:33:00,049 - INFO - Scheduled daily compliment jobs
2025-04-18 22:33:00,051 - INFO - Added job "ComplimentScheduler.send_compliments" to job store "default"
2025-04-18 22:33:00,051 - INFO - Added job "ComplimentScheduler.send_compliments" to job store "default"
2025-04-18 22:33:00,052 - INFO - Added job "ComplimentScheduler.send_compliments" to job store "default"
2025-04-18 22:33:00,052 - INFO - Scheduler started
2025-04-18 22:33:00,053 - INFO - Compliment scheduler started
2025-04-18 22:33:00,053 - INFO - Бот запущен и готов к работе
2025-04-18 22:33:00,060 - INFO - Health check: 2 users, 44 compliments available
2025-04-18 22:34:03,415 - ERROR - Infinity polling: polling exited
2025-04-18 22:34:03,416 - ERROR - Break infinity polling
2025-04-18 22:34:03,416 - INFO - Scheduler has been shut down
2025-04-18 22:34:03,416 - INFO - Scheduler stopped
2025-04-18 22:34:03,416 - INFO - Бот завершил работу
2025-04-18 22:34:06,928 - INFO - Database tables created/verified
2025-04-18 22:34:06,929 - INFO - Database initialized at data\bot_database.db
2025-04-18 22:34:07,264 - INFO - Restored 2 subscriptions
2025-04-18 22:34:07,265 - INFO - Adding job tentatively -- it will be properly scheduled when the scheduler starts
2025-04-18 22:34:07,265 - INFO - Adding job tentatively -- it will be properly scheduled when the scheduler starts
2025-04-18 22:34:07,265 - INFO - Adding job tentatively -- it will be properly scheduled when the scheduler starts
2025-04-18 22:34:07,266 - INFO - Scheduled daily compliment jobs
2025-04-18 22:34:07,268 - INFO - Added job "ComplimentScheduler.send_compliments" to job store "default"
2025-04-18 22:34:07,268 - INFO - Added job "ComplimentScheduler.send_compliments" to job store "default"
2025-04-18 22:34:07,269 - INFO - Added job "ComplimentScheduler.send_compliments" to job store "default"
2025-04-18 22:34:07,269 - INFO - Scheduler started
2025-04-18 22:34:07,270 - INFO - Compliment scheduler started
2025-04-18 22:34:07,270 - INFO - Бот запущен и готов к работе
2025-04-18 22:34:07,280 - INFO - Health check: 2 users, 44 compliments available
2025-04-18 22:34:15,265 - ERROR - Infinity polling: polling exited
2025-04-18 22:34:15,266 - ERROR - Break infinity polling
2025-04-18 22:34:15,267 - INFO - Scheduler has been shut down
2025-04-18 22:34:15,267 - INFO - Scheduler stopped
2025-04-18 22:34:15,269 - INFO - Бот завершил работу
2025-04-18 22:35:37,605 - INFO - Database tables created/verified
2025-04-18 22:35:37,606 - INFO - Database initialized at data\bot_database.db
2025-04-18 22:35:38,029 - INFO - Restored 2 subscriptions
2025-04-18 22:35:38,030 - INFO - Adding job tentatively -- it will be properly scheduled when the scheduler starts
2025-04-18 22:35:38,031 - INFO - Adding job tentatively -- it will be properly scheduled when the scheduler starts
2025-04-18 22:35:38,031 - INFO - Adding job tentatively -- it will be properly scheduled when the scheduler starts
2025-04-18 22:35:38,031 - INFO - Scheduled daily compliment jobs
2025-04-18 22:35:38,032 - INFO - Added job "ComplimentScheduler.send_compliments" to job store "default"
2025-04-18 22:35:38,032 - INFO - Added job "ComplimentScheduler.send_compliments" to job store "default"
2025-04-18 22:35:38,032 - INFO - Added job "ComplimentScheduler.send_compliments" to job store "default"
2025-04-18 22:35:38,034 - INFO - Scheduler started
2025-04-18 22:35:38,034 - INFO - Compliment scheduler started
2025-04-18 22:35:38,034 - INFO - Бот запущен и готов к работе
2025-04-18 22:35:38,038 - INFO - Health check: 2 users, 44 compliments available
2025-04-18 22:36:29,792 - ERROR - Infinity polling: polling exited
2025-04-18 22:36:29,793 - ERROR - Break infinity polling
2025-04-18 22:36:29,793 - INFO - Scheduler has been shut down
2025-04-18 22:36:29,795 - INFO - Scheduler stopped
2025-04-18 22:36:29,795 - INFO - Бот завершил работу
2025-04-18 23:31:02,729 - INFO - Database tables created/verified
2025-04-18 23:31:02,730 - INFO - Database initialized at data\bot_database.db
2025-04-18 23:31:03,158 - INFO - Restored 2 subscriptions
2025-04-18 23:31:03,162 - INFO - Adding job tentatively -- it will be properly scheduled when the scheduler starts
2025-04-18 23:31:03,164 - INFO - Adding job tentatively -- it will be properly scheduled when the scheduler starts
2025-04-18 23:31:03,165 - INFO - Adding job tentatively -- it will be properly scheduled when the scheduler starts
2025-04-18 23:31:03,166 - INFO - Scheduled daily compliment jobs
2025-04-18 23:31:03,173 - INFO - Added job "ComplimentScheduler.send_compliments" to job store "default"
2025-04-18 23:31:03,174 - INFO - Added job "ComplimentScheduler.send_compliments" to job store "default"
2025-04-18 23:31:03,175 - INFO - Added job "ComplimentScheduler.send_compliments" to job store "default"
2025-04-18 23:31:03,175 - INFO - Scheduler started
2025-04-18 23:31:03,177 - INFO - Compliment scheduler started
2025-04-18 23:31:03,179 - INFO - Бот запущен и готов к работе
2025-04-18 23:31:03,195 - INFO - Health check: 2 users, 44 compliments available
2025-04-18 23:33:23,920 - ERROR - Infinity polling: polling exited
2025-04-18 23:33:23,920 - ERROR - Break infinity polling
2025-04-18 23:33:23,920 - INFO - Scheduler has been shut down
2025-04-18 23:33:23,920 - INFO - Scheduler stopped
2025-04-18 23:33:23,921 - INFO - Бот завершил работу
2025-04-18 23:39:45,304 - INFO - Database tables created/verified
2025-04-18 23:39:45,304 - INFO - Database initialized at data\bot_database.db
2025-04-18 23:39:45,645 - INFO - Restored 2 subscriptions
2025-04-18 23:39:45,649 - INFO - Adding job tentatively -- it will be properly scheduled when the scheduler starts
2025-04-18 23:39:45,649 - INFO - Adding job tentatively -- it will be properly scheduled when the scheduler starts
2025-04-18 23:39:45,651 - INFO - Adding job tentatively -- it will be properly scheduled when the scheduler starts
2025-04-18 23:39:45,651 - INFO - Scheduled daily compliment jobs
2025-04-18 23:39:45,658 - INFO - Added job "ComplimentScheduler.send_compliments" to job store "default"
2025-04-18 23:39:45,660 - INFO - Added job "ComplimentScheduler.send_compliments" to job store "default"
2025-04-18 23:39:45,661 - INFO - Added job "ComplimentScheduler.send_compliments" to job store "default"
2025-04-18 23:39:45,662 - INFO - Scheduler started
2025-04-18 23:39:45,664 - INFO - Compliment scheduler started
2025-04-18 23:39:45,666 - INFO - Бот запущен и готов к работе
2025-04-18 23:39:45,684 - INFO - Health check: 2 users, 44 compliments available
2025-04-18 23:43:13,715 - INFO - Database tables created/verified
2025-04-18 23:43:13,715 - INFO - Database initialized at data\bot_database.db
2025-04-18 23:43:14,123 - INFO - Restored 2 subscriptions
2025-04-18 23:43:14,126 - INFO - Adding job tentatively -- it will be properly scheduled when the scheduler starts
2025-04-18 23:43:14,128 - INFO - Adding job tentatively -- it will be properly scheduled when the scheduler starts
2025-04-18 23:43:14,129 - INFO - Adding job tentatively -- it will be properly scheduled when the scheduler starts
2025-04-18 23:43:14,130 - INFO - Scheduled daily compliment jobs
2025-04-18 23:43:14,136 - INFO - Added job "ComplimentScheduler.send_compliments" to job store "default"
2025-04-18 23:43:14,138 - INFO - Added job "ComplimentScheduler.send_compliments" to job store "default"
2025-04-18 23:43:14,139 - INFO - Added job "ComplimentScheduler.send_compliments" to job store "default"
2025-04-18 23:43:14,140 - INFO - Scheduler started
2025-04-18 23:43:14,142 - INFO - Compliment scheduler started
2025-04-18 23:43:14,144 - INFO - Бот запущен и готов к работе
2025-04-18 23:43:14,164 - INFO - Health check: 2 users, 44 compliments available
2025-04-18 23:44:21,401 - ERROR - Infinity polling: polling exited
2025-04-18 23:44:21,402 - ERROR - Break infinity polling
2025-04-18 23:44:21,402 - INFO - Scheduler has been shut down
2025-04-18 23:44:21,403 - INFO - Scheduler stopped
2025-04-18 23:44:21,404 - INFO - Бот завершил работу
2025-04-18 23:44:33,310 - INFO - Database tables created/verified
2025-04-18 23:44:33,310 - INFO - Database initialized at data\bot_database.db
2025-04-18 23:44:33,653 - INFO - Restored 2 subscriptions
2025-04-18 23:44:33,654 - INFO - Adding job tentatively -- it will be properly scheduled when the scheduler starts
2025-04-18 23:44:33,656 - INFO - Adding job tentatively -- it will be properly scheduled when the scheduler starts
2025-04-18 23:44:33,658 - INFO - Adding job tentatively -- it will be properly scheduled when the scheduler starts
2025-04-18 23:44:33,658 - INFO - Scheduled daily compliment jobs
2025-04-18 23:44:33,663 - INFO - Added job "ComplimentScheduler.send_compliments" to job store "default"
2025-04-18 23:44:33,665 - INFO - Added job "ComplimentScheduler.send_compliments" to job store "default"
2025-04-18 23:44:33,666 - INFO - Added job "ComplimentScheduler.send_compliments" to job store "default"
2025-04-18 23:44:33,667 - INFO - Scheduler started
2025-04-18 23:44:33,671 - INFO - Compliment scheduler started
2025-04-18 23:44:33,673 - INFO - Бот запущен и готов к работе
2025-04-18 23:44:33,683 - INFO - Health check: 2 users, 44 compliments available
2025-04-18 23:46:00,044 - ERROR - Infinity polling: polling exited
2025-04-18 23:46:00,044 - ERROR - Break infinity polling
2025-04-18 23:46:00,044 - INFO - Scheduler has been shut down
2025-04-18 23:46:00,044 - INFO - Scheduler stopped
2025-04-18 23:46:00,044 - INFO - Бот завершил работу
2025-04-18 23:48:14,686 - INFO - Database tables created/verified
2025-04-18 23:48:14,687 - INFO - Database initialized at data\bot_database.db
2025-04-18 23:48:15,065 - INFO - Restored 2 subscriptions
2025-04-18 23:48:15,068 - INFO - Adding job tentatively -- it will be properly scheduled when the scheduler starts
2025-04-18 23:48:15,069 - INFO - Adding job tentatively -- it will be properly scheduled when the scheduler starts
2025-04-18 23:48:15,070 - INFO - Adding job tentatively -- it will be properly scheduled when the scheduler starts
2025-04-18 23:48:15,070 - INFO - Scheduled daily compliment jobs
2025-04-18 23:48:15,075 - INFO - Added job "ComplimentScheduler.send_compliments" to job store "default"
2025-04-18 23:48:15,076 - INFO - Added job "ComplimentScheduler.send_compliments" to job store "default"
2025-04-18 23:48:15,077 - INFO - Added job "ComplimentScheduler.send_compliments" to job store "default"
2025-04-18 23:48:15,078 - INFO - Scheduler started
2025-04-18 23:48:15,080 - INFO - Compliment scheduler started
2025-04-18 23:48:15,082 - INFO - Бот запущен и готов к работе
2025-04-18 23:48:15,098 - INFO - Health check: 2 users, 44 compliments available
2025-04-18 23:52:34,052 - ERROR - Infinity polling: polling exited
2025-04-18 23:52:34,052 - ERROR - Break infinity polling
2025-04-18 23:52:34,053 - INFO - Scheduler has been shut down
2025-04-18 23:52:34,053 - INFO - Scheduler stopped
2025-04-18 23:52:34,054 - INFO - Бот завершил работу
2025-04-19 00:18:38,972 - INFO - Database tables created/verified
2025-04-19 00:18:38,972 - INFO - Database initialized at data\bot_database.db
2025-04-19 00:18:38,980 - INFO - Adding job tentatively -- it will be properly scheduled when the scheduler starts
2025-04-19 00:18:38,980 - INFO - Successfully scheduled daily weather for 8:00 AM
2025-04-19 00:18:39,290 - INFO - Restored 2 subscriptions
2025-04-19 00:18:39,291 - INFO - Adding job tentatively -- it will be properly scheduled when the scheduler starts
2025-04-19 00:18:39,291 - INFO - Adding job tentatively -- it will be properly scheduled when the scheduler starts
2025-04-19 00:18:39,292 - INFO - Adding job tentatively -- it will be properly scheduled when the scheduler starts
2025-04-19 00:18:39,292 - INFO - Scheduled daily compliment jobs
2025-04-19 00:18:39,294 - INFO - Added job "ComplimentScheduler.send_compliments" to job store "default"
2025-04-19 00:18:39,294 - INFO - Added job "ComplimentScheduler.send_compliments" to job store "default"
2025-04-19 00:18:39,294 - INFO - Added job "ComplimentScheduler.send_compliments" to job store "default"
2025-04-19 00:18:39,294 - INFO - Scheduler started
2025-04-19 00:18:39,295 - INFO - Compliment scheduler started
2025-04-19 00:18:39,295 - INFO - Бот запущен и готов к работе
2025-04-19 00:18:39,300 - INFO - Health check: 2 users, 44 compliments available
2025-04-19 00:22:31,514 - ERROR - Infinity polling: polling exited
2025-04-19 00:22:31,515 - ERROR - Break infinity polling
2025-04-19 00:22:31,515 - INFO - Scheduler has been shut down
2025-04-19 00:22:31,517 - INFO - Scheduler stopped
2025-04-19 00:22:31,517 - INFO - Бот завершил работу
2025-04-19 00:22:32,153 - INFO - Database tables created/verified
2025-04-19 00:22:32,153 - INFO - Database initialized at data\bot_database.db
2025-04-19 00:22:32,161 - INFO - Initializing scheduler...
2025-04-19 00:22:32,173 - INFO - Adding job tentatively -- it will be properly scheduled when the scheduler starts
2025-04-19 00:22:32,173 - INFO - Scheduled test weather job to run every minute
2025-04-19 00:22:32,175 - INFO - Added job "ComplimentScheduler.send_daily_weather" to job store "default"
2025-04-19 00:22:32,175 - INFO - Scheduler started
2025-04-19 00:22:32,176 - INFO - Scheduler started successfully
2025-04-19 00:22:32,176 - INFO - Running job "ComplimentScheduler.send_daily_weather (trigger: interval[0:01:00], next run at: 2025-04-19 00:22:32 MSK)" (scheduled at 2025-04-19 00:22:32.162515+03:00)
2025-04-19 00:22:32,176 - INFO - Weather job started execution
2025-04-19 00:22:32,177 - INFO - Fetching forecast for Москва
2025-04-19 00:22:32,452 - INFO - Found 2 subscribed users
2025-04-19 00:22:32,452 - INFO - Sending to user 5236847464
2025-04-19 00:22:32,453 - INFO - Restored 2 subscriptions
2025-04-19 00:22:32,455 - WARNING - Scheduler already running
2025-04-19 00:22:32,458 - INFO - Бот запущен и готов к работе
2025-04-19 00:22:32,468 - INFO - Health check: 2 users, 44 compliments available
2025-04-19 00:22:32,660 - INFO - Successfully sent to 5236847464
2025-04-19 00:22:32,661 - INFO - Sending to user 7522466558
2025-04-19 00:22:32,753 - INFO - Successfully sent to 7522466558
2025-04-19 00:22:32,753 - INFO - Job "ComplimentScheduler.send_daily_weather (trigger: interval[0:01:00], next run at: 2025-04-19 00:23:32 MSK)" executed successfully
2025-04-19 00:23:32,170 - INFO - Running job "ComplimentScheduler.send_daily_weather (trigger: interval[0:01:00], next run at: 2025-04-19 00:24:32 MSK)" (scheduled at 2025-04-19 00:23:32.162515+03:00)
2025-04-19 00:23:32,171 - INFO - Weather job started execution
2025-04-19 00:23:32,172 - INFO - Fetching forecast for Москва
2025-04-19 00:23:32,293 - INFO - Found 2 subscribed users
2025-04-19 00:23:32,293 - INFO - Sending to user 5236847464
2025-04-19 00:23:32,381 - INFO - Successfully sent to 5236847464
2025-04-19 00:23:32,381 - INFO - Sending to user 7522466558
2025-04-19 00:23:32,477 - INFO - Successfully sent to 7522466558
2025-04-19 00:23:32,477 - INFO - Job "ComplimentScheduler.send_daily_weather (trigger: interval[0:01:00], next run at: 2025-04-19 00:24:32 MSK)" executed successfully
2025-04-19 00:24:32,175 - INFO - Running job "ComplimentScheduler.send_daily_weather (trigger: interval[0:01:00], next run at: 2025-04-19 00:25:32 MSK)" (scheduled at 2025-04-19 00:24:32.162515+03:00)
2025-04-19 00:24:32,175 - INFO - Weather job started execution
2025-04-19 00:24:32,175 - INFO - Fetching forecast for Москва
2025-04-19 00:24:32,300 - INFO - Found 2 subscribed users
2025-04-19 00:24:32,300 - INFO - Sending to user 5236847464
2025-04-19 00:24:32,383 - INFO - Successfully sent to 5236847464
2025-04-19 00:24:32,383 - INFO - Sending to user 7522466558
2025-04-19 00:24:32,510 - INFO - Successfully sent to 7522466558
2025-04-19 00:24:32,511 - INFO - Job "ComplimentScheduler.send_daily_weather (trigger: interval[0:01:00], next run at: 2025-04-19 00:25:32 MSK)" executed successfully
2025-04-19 00:24:41,969 - ERROR - Infinity polling: polling exited
2025-04-19 00:24:41,970 - ERROR - Break infinity polling
2025-04-19 00:24:41,972 - INFO - Scheduler has been shut down
2025-04-19 00:24:41,973 - INFO - Scheduler stopped
2025-04-19 00:24:41,973 - INFO - Бот завершил работу
